SET SERVEROUTPUT ON
/
DECLARE
  r_cnt NUMBER := 0 ;
  TYPE t_names IS VARRAY(6) OF VARCHAR2(20);
  table_list t_names;
  
BEGIN

  table_list := t_names('A2_CINEMA', 'A2_STAFF', 'A2_FILM', 'A2_SCREEN', 'A2_SHOWING', 'A2_PERFORMANCE');
  
  DBMS_OUTPUT.PUT_LINE('Dropping Tables ...');
  
  FOR element IN 1 .. table_list.count LOOP
    SELECT COUNT (*) INTO r_cnt FROM all_tables WHERE TABLE_NAME = table_list(element) AND owner = (SELECT sys_context ('userenv', 'current_schema') from dual);
    IF (r_cnt > 0)
    THEN
      EXECUTE IMMEDIATE 'DROP TABLE ' || table_list(element) || ' CASCADE CONSTRAINTS';
      DBMS_OUTPUT.PUT_LINE(' ... ' || table_list(element));
    END IF;
  END LOOP;
  
  DBMS_OUTPUT.PUT_LINE('Create Tables ...');
  
  EXECUTE IMMEDIATE 'CREATE TABLE A2_Cinema
		      ( Cinema_Name	VARCHAR2(50) 	PRIMARY KEY,
  			Location	VARCHAR2(100),
  			Year_Opened	DATE,
  			Manager		VARCHAR2(8))';
  DBMS_OUTPUT.PUT_LINE(' ... A2_CINEMA');
  
  EXECUTE IMMEDIATE 'CREATE TABLE A2_Staff
		      ( Employee_No	VARCHAR2(8)	PRIMARY KEY,
  			Name		VARCHAR2(80)	NOT NULL,
  			Address		VARCHAR2(200)	NOT NULL,
  			Phone_No	VARCHAR2(11),
  			DoB		DATE NOT NULL,
  			Date_Joined	DATE NOT NULL,
 			  CHECK (Date_Joined > DoB),
  			Salary		NUMBER(8,2)	CHECK (Salary >= 0) NOT NULL,
			Supervisor	VARCHAR2(8) 	REFERENCES A2_Staff(Employee_No),
  			Cinema		VARCHAR2(50)	REFERENCES A2_Cinema(Cinema_Name) NOT NULL )';
  DBMS_OUTPUT.PUT_LINE(' ... A2_STAFF');
  
  EXECUTE IMMEDIATE 'ALTER TABLE A2_Cinema ADD
  			FOREIGN KEY (Manager) REFERENCES A2_Staff(Employee_No)';
  DBMS_OUTPUT.PUT_LINE(' ... A2_CINEMA (FK Manager added)');

  EXECUTE IMMEDIATE 'CREATE TABLE A2_Screen
		      ( Cinema		VARCHAR2(50)	REFERENCES A2_Cinema(Cinema_Name) NOT NULL,
			Screen		NUMBER(2,0)	NOT NULL,
  			  PRIMARY KEY (Cinema, Screen),
  			Capacity	NUMBER(4,0)	CHECK (Capacity > 0) NOT NULL )';
  DBMS_OUTPUT.PUT_LINE(' ... A2_SCREEN');

  EXECUTE IMMEDIATE 'CREATE TABLE A2_Film
		      ( Film_No		VARCHAR2(8) PRIMARY KEY,
  			Film_Name	VARCHAR2(80),
  			Classification	VARCHAR2(3)
				CHECK ( Classification IN ( ''U'', ''PG'', ''12A'', ''15'', ''18'')) NOT NULL,
  			Duration	NUMBER(3,0) CHECK (Duration > 0),
  			Description	VARCHAR2(2000),
  			Year_Released	DATE NOT NULL )';
  DBMS_OUTPUT.PUT_LINE(' ... A2_FILM');

  EXECUTE IMMEDIATE 'CREATE TABLE A2_Showing
		      ( Showing_No	VARCHAR2(6)	PRIMARY KEY,
  			Cinema		VARCHAR2(50)	NOT NULL,
  			Screen		NUMBER(2,0)	NOT NULL,
  			 FOREIGN KEY (Cinema, Screen) REFERENCES A2_Screen(Cinema, Screen),
  			Film_No		VARCHAR2(8) 	REFERENCES A2_Film(Film_No) NOT NULL )';
                           
  DBMS_OUTPUT.PUT_LINE(' ... A2_SHOWING');

  EXECUTE IMMEDIATE 'CREATE TABLE A2_Performance
		      ( Showing_No	  VARCHAR2(6)	NOT NULL REFERENCES A2_Showing(Showing_No),
			Performance_Date  DATE		NOT NULL,
			Performance_Time  DATE		NOT NULL,
  			 PRIMARY KEY (Showing_No, Performance_Date),
  			Takings		  NUMBER(7,2)   CHECK (Takings >= 0),
  			Attendees	  NUMBER(4,0)   CHECK (Attendees >= 0))';
  DBMS_OUTPUT.PUT_LINE(' ... A2_PERFORMANCE');
  DBMS_OUTPUT.PUT_LINE(' ');

  DBMS_OUTPUT.PUT_LINE('All tables created.');

  DBMS_OUTPUT.PUT_LINE('');
  DBMS_OUTPUT.PUT_LINE('Populate Tables ...');

  EXECUTE IMMEDIATE 'INSERT INTO A2_Cinema VALUES (''Marvale Rex'', ''35-40, High Street, Marvale'', TO_DATE(''1997'', ''YYYY''), NULL)';
  EXECUTE IMMEDIATE 'INSERT INTO A2_Cinema VALUES (''Treban Picturehouse'', ''Simons Yard, South Treban'', TO_DATE(''2003'', ''YYYY''), NULL)';
  EXECUTE IMMEDIATE 'INSERT INTO A2_Cinema VALUES (''The Glory Showhouse'', ''16, Leevale Drive, Linton'', TO_DATE(''2004'', ''YYYY''), NULL)';
  EXECUTE IMMEDIATE 'INSERT INTO A2_Cinema VALUES (''Odeon on the Hill'', ''15, Sycamore Avenue, Summeridge'', TO_DATE(''1996'', ''YYYY''), NULL)';
  EXECUTE IMMEDIATE 'INSERT INTO A2_Cinema VALUES (''Flix'', ''9, The Octagon, Sharpenley'', TO_DATE(''1981'', ''YYYY''), NULL)';
  EXECUTE IMMEDIATE 'INSERT INTO A2_Cinema VALUES (''Masterton Multiplex'', ''11, High Street, Masterton'', TO_DATE(''2009'', ''YYYY''), NULL)';
  EXECUTE IMMEDIATE 'INSERT INTO A2_Cinema VALUES (''Grange Cinema'', ''The Grange, Turville'', TO_DATE(''1997'', ''YYYY''), NULL)';

  DBMS_OUTPUT.PUT_LINE(' ... A2_Cinema');
                                                                                                                                                                             
  EXECUTE IMMEDIATE 'INSERT INTO A2_Staff VALUES ( ''93345826'', ''Martha Robbins'', ''74b, Sandley Towers, Sandley'', ''09389863734'', TO_DATE( ''16/04/1992'', ''DD/MM/YYYY'' ), TO_DATE( ''17/04/2011'', ''DD/MM/YYYY'' ), 30719, NULL, ''Marvale Rex'' )';
  EXECUTE IMMEDIATE 'INSERT INTO A2_Staff VALUES ( ''22672518'', ''Richard Silver'', ''298, Christchurch Lane, Lindon'', ''01433628388'', TO_DATE( ''09/09/1965'', ''DD/MM/YYYY'' ), TO_DATE( ''01/11/1997'', ''DD/MM/YYYY'' ), 22013, ''93345826'', ''Marvale Rex'' )';                                                                                                                                                                                                           
  EXECUTE IMMEDIATE 'INSERT INTO A2_Staff VALUES ( ''63213492'', ''Abe Lance'', ''81, Templemead, Sharpenley'', ''08095680934'', TO_DATE( ''27/02/1959'', ''DD/MM/YYYY'' ), TO_DATE( ''01/11/1997'', ''DD/MM/YYYY'' ), 22572, ''93345826'', ''Marvale Rex'' )';   
  EXECUTE IMMEDIATE 'INSERT INTO A2_Staff VALUES ( ''03846455'', ''Rebecca Martins'', ''34, Mount Drive, Lindon'', ''07256882974'', TO_DATE( ''13/09/1986'', ''DD/MM/YYYY'' ), TO_DATE( ''25/10/2010'', ''DD/MM/YYYY'' ), 13026, ''22672518'', ''Marvale Rex'' )';                                                                                                                                                                                                                         
  EXECUTE IMMEDIATE 'INSERT INTO A2_Staff VALUES ( ''82636780'', ''Thomas Grace'', ''23, High Street, Lindon'', ''06398364024'', TO_DATE( ''16/11/2000'', ''DD/MM/YYYY'' ), TO_DATE( ''02/07/2017'', ''DD/MM/YYYY'' ), 9651, ''63213492'', ''Marvale Rex'' )';                                                                                                                                                                                                                             
  EXECUTE IMMEDIATE 'INSERT INTO A2_Staff VALUES ( ''62822277'', ''Craig Legion'', ''8, Mandela Walk, Southlands'', ''06399823840'', TO_DATE( ''15/01/1996'', ''DD/MM/YYYY'' ), TO_DATE( ''30/05/2021'', ''DD/MM/YYYY'' ), 4050, ''63213492'', ''Marvale Rex'' )';                                                                                                                                                                                                                        
  EXECUTE IMMEDIATE 'INSERT INTO A2_Staff VALUES ( ''08216453'', ''Leon Marvin'', ''The Marches, Teal Avenue, Lindon'', ''02092319845'', TO_DATE( ''08/02/1989'', ''DD/MM/YYYY'' ), TO_DATE( ''16/01/2012'', ''DD/MM/YYYY'' ), 15028, ''63213492'', ''Marvale Rex'' )';                                                                                                                                                                                                                 
  EXECUTE IMMEDIATE 'INSERT INTO A2_Staff VALUES ( ''62480190'', ''Satir Kumar'', ''1, Sun Terrace, Tramley'', ''08398659309'', TO_DATE( ''31/10/1998'', ''DD/MM/YYYY'' ), TO_DATE( ''11/03/2019'', ''DD/MM/YYYY'' ), 13026, NULL, ''Marvale Rex'' )'; 
  EXECUTE IMMEDIATE 'INSERT INTO A2_Staff VALUES ( ''77673492'', ''Callum Maru'', ''45, Margan Drive, Southlands'', ''04439863925'', TO_DATE( ''24/04/1979'', ''DD/MM/YYYY'' ), TO_DATE( ''14/06/2008'', ''DD/MM/YYYY'' ), 12782, ''22672518'', ''Marvale Rex'' )';                                                                                                                                                                                                                        
  EXECUTE IMMEDIATE 'INSERT INTO A2_Staff VALUES ( ''19344527'', ''George Strettle'', ''Rose Cottage, Mount Drive, Lindon'', ''03987853853'', TO_DATE( ''01/01/1984'', ''DD/MM/YYYY'' ), TO_DATE( ''29/04/2009'', ''DD/MM/YYYY'' ), 12782, NULL, ''Marvale Rex'' )';                                                                                                                                                                                                                     
  EXECUTE IMMEDIATE 'INSERT INTO A2_Staff VALUES ( ''83838492'', ''Terence Grace'', ''23, High Street, Lindon'', ''02393453590'', TO_DATE( ''30/05/1961'', ''DD/MM/YYYY'' ), TO_DATE( ''13/04/1998'', ''DD/MM/YYYY'' ), 0, NULL, ''Marvale Rex'' )';                                                                                                                                                                                                                         
  EXECUTE IMMEDIATE 'INSERT INTO A2_Staff VALUES ( ''61187434'', ''Claire Holmsworthy'', ''11, Brookfield, Tramley'', ''01198345284'', TO_DATE( ''05/03/2001'', ''DD/MM/YYYY'' ), TO_DATE( ''25/11/2017'', ''DD/MM/YYYY'' ), 11830, ''63213492'', ''Marvale Rex'' )';                                                                                                                                                                                                                     
  EXECUTE IMMEDIATE 'INSERT INTO A2_Staff VALUES ( ''48563983'', ''Kevin Kline'', ''43, Sandpit Drive, Lindon'', ''04983984767'',  TO_DATE( ''07/06/1991'', ''DD/MM/YYYY'' ), TO_DATE( ''17/05/2013'', ''DD/MM/YYYY'' ), 27001, NULL, ''Treban Picturehouse'' )';                                                                                                                                                                                                                       
  EXECUTE IMMEDIATE 'INSERT INTO A2_Staff VALUES ( ''77283918'', ''Ruth Tuttle'', ''7, Clearways, Cosset'', ''04442895661'', TO_DATE( ''23/08/1993'', ''DD/MM/YYYY'' ), TO_DATE( ''14/06/2003'', ''DD/MM/YYYY'' ), 23092, ''48563983'', ''Treban Picturehouse'' )';                                                                                                                                                                                                                                
  EXECUTE IMMEDIATE 'INSERT INTO A2_Staff VALUES ( ''90023936'', ''Vital Singh'', ''11, Brentway, Sandley'', ''02349856763'', TO_DATE( ''09/07/1997'', ''DD/MM/YYYY'' ), TO_DATE( ''25/05/2016'', ''DD/MM/YYYY'' ), 25930, ''48563983'', ''Treban Picturehouse'' )';                                                                                                                                                                                                                           
  EXECUTE IMMEDIATE 'INSERT INTO A2_Staff VALUES ( ''80234690'', ''Rebecca Neo'', ''2a, Carnfield, Masterton'', ''05283283285'', TO_DATE( ''16/12/2000'', ''DD/MM/YYYY'' ), TO_DATE( ''13/11/2019'', ''DD/MM/YYYY'' ), 15037, ''77283918'', ''Treban Picturehouse'' )';                                                                                                                                                                                                                           
  EXECUTE IMMEDIATE 'INSERT INTO A2_Staff VALUES ( ''52980911'', ''Samuel Leibermann'', ''The Manor, Sandley Lane, Southlands'', ''01198763987'', TO_DATE( ''02/05/1996'', ''DD/MM/YYYY'' ), TO_DATE( ''21/09/2018'', ''DD/MM/YYYY'' ), 15037, ''77283918'', ''Treban Picturehouse'' )';                                                                                                                                                                                                          
  EXECUTE IMMEDIATE 'INSERT INTO A2_Staff VALUES ( ''19091123'', ''John Fellows'', ''18, Whooper Way, Cosset'', ''03434298765'', TO_DATE( ''18/12/1999'', ''DD/MM/YYYY'' ), TO_DATE( ''04/03/2017'', ''DD/MM/YYYY'' ), 15037, ''77283918'', ''Treban Picturehouse'' )';                                                                                                                                                                                                                           
  EXECUTE IMMEDIATE 'INSERT INTO A2_Staff VALUES ( ''83512382'', ''Boris Oslovski'', ''108, High Street, Lindon'', ''0563498458'', TO_DATE( ''13/10/1987'', ''DD/MM/YYYY'' ), TO_DATE( ''13/10/2017'', ''DD/MM/YYYY'' ), 13982, ''77283918'', ''Treban Picturehouse'' )';                                                                                                                                                                                                                         
  EXECUTE IMMEDIATE 'INSERT INTO A2_Staff VALUES ( ''87490252'', ''Claire Wilson'', ''54, The Greenway, Lindon'',''04398271662'', TO_DATE( ''16/06/1997'', ''DD/MM/YYYY'' ), TO_DATE( ''16/04/2016'', ''DD/MM/YYYY'' ), 32980, NULL, ''The Glory Showhouse'' )';
  EXECUTE IMMEDIATE 'INSERT INTO A2_Staff VALUES ( ''51939202'', ''Able Zimmerman'', ''Flat 4, Helm House, Sharpenley'', ''09820435855'', TO_DATE( ''24/11/2001'', ''DD/MM/YYYY'' ), TO_DATE( ''30/08/2018'', ''DD/MM/YYYY'' ), 12700, ''87490252'', ''The Glory Showhouse'' )';                                                                                                                                                                                                                   
  EXECUTE IMMEDIATE 'INSERT INTO A2_Staff VALUES ( ''59922223'', ''Carrie Genoa'', ''106, Ridgeway, Sharpenley'',''04676287251'', TO_DATE( ''16/12/1976'', ''DD/MM/YYYY'' ), TO_DATE( ''03/09/2004'', ''DD/MM/YYYY'' ), 20145, NULL, ''The Glory Showhouse'' )';
  EXECUTE IMMEDIATE 'INSERT INTO A2_Staff VALUES ( ''20010109'', ''Aaron Fellows'', ''12, Abbey Road, Southlands'', ''07675739566'', TO_DATE( ''14/12/1968'', ''DD/MM/YYYY'' ), TO_DATE( ''19/12/2006'', ''DD/MM/YYYY'' ), 24935, NULL, ''The Glory Showhouse'' )';                                                                                                                                                                                                                        
  EXECUTE IMMEDIATE 'INSERT INTO A2_Staff VALUES ( ''59922224'', ''Carrie Genoa'', ''106, Ridgeway, Sharpenley'',''04676287251'', TO_DATE( ''16/12/1976'', ''DD/MM/YYYY'' ), TO_DATE( ''03/09/2004'', ''DD/MM/YYYY'' ), 20145, NULL, ''The Glory Showhouse'' )';
  EXECUTE IMMEDIATE 'INSERT INTO A2_Staff VALUES ( ''31989942'', ''Martin Slater'', ''1, Upper Lane, Lyndham'', ''04390865872'', TO_DATE( ''09/03/1980'', ''DD/MM/YYYY'' ), TO_DATE( ''18/01/2018'', ''DD/MM/YYYY'' ), 6834, ''59922224'', ''The Glory Showhouse'' )';
  EXECUTE IMMEDIATE 'INSERT INTO A2_Staff VALUES ( ''10973847'', ''Harry Mannock'', ''79, The Beeches, Masterton'',''06739826198'', TO_DATE( ''02/01/2000'', ''DD/MM/YYYY'' ), TO_DATE( ''22/06/2021'', ''DD/MM/YYYY'' ), 13551, ''87490252'', ''The Glory Showhouse'' )';
  EXECUTE IMMEDIATE 'INSERT INTO A2_Staff VALUES ( ''18055806'', ''Terence Leeman'', ''3, Meadow View, Lindon'',''08234819820'', TO_DATE( ''17/05/1995'', ''DD/MM/YYYY'' ), TO_DATE( ''31/07/2013'', ''DD/MM/YYYY'' ), 15336, ''87490252'', ''The Glory Showhouse'' )';
  EXECUTE IMMEDIATE 'INSERT INTO A2_Staff VALUES ( ''29376431'', ''Michael Simmonds'', ''28, Highridge Way, Layburn'',''05238562020'', TO_DATE( ''12/04/1992'', ''DD/MM/YYYY'' ), TO_DATE( ''22/08/2016'', ''DD/MM/YYYY'' ), 11672, ''87490252'', ''The Glory Showhouse'' )';
  EXECUTE IMMEDIATE 'INSERT INTO A2_Staff VALUES ( ''46352335'', ''Louisa Majors'', ''82c, Crowsfoot Road, Layburn'',''04329185025'', TO_DATE( ''06/06/1979'', ''DD/MM/YYYY'' ), TO_DATE( ''19/03/2019'', ''DD/MM/YYYY'' ), 15231, ''87490252'', ''The Glory Showhouse'' )';
  EXECUTE IMMEDIATE 'INSERT INTO A2_Staff VALUES ( ''85923177'', ''Said Amman'', ''29, The Roost, Cosset'',''06726767529'', TO_DATE( ''26/07/1983'', ''DD/MM/YYYY'' ), TO_DATE( ''29/05/2008'', ''DD/MM/YYYY'' ), 14067, ''87490252'', ''The Glory Showhouse'' )';
  EXECUTE IMMEDIATE 'INSERT INTO A2_Staff VALUES ( ''34234673'', ''Jill Rivers'', ''4, Coningsby Close, Southlands'',''04781133264'', TO_DATE( ''20/10/1990'', ''DD/MM/YYYY'' ), TO_DATE( ''05/12/2012'', ''DD/MM/YYYY'' ), 13672, ''87490252'', ''The Glory Showhouse'' )';
  EXECUTE IMMEDIATE 'INSERT INTO A2_Staff VALUES ( ''54626453'', ''Anthony Gaye'', ''31, Priory Walk, Lyndham'',''045245849'', TO_DATE( ''17/07/1976'', ''DD/MM/YYYY'' ), TO_DATE( ''01/06/2007'', ''DD/MM/YYYY'' ), 16894, ''87490252'', ''The Glory Showhouse'' )';
  EXECUTE IMMEDIATE 'INSERT INTO A2_Staff VALUES ( ''21998764'', ''Reece Southern'', ''16, Vicarage Road, Sandlin'',''05672821754'', TO_DATE( ''21/03/1979'', ''DD/MM/YYYY'' ), TO_DATE( ''25/11/2005'', ''DD/MM/YYYY'' ), 12980, ''87490252'', ''The Glory Showhouse'' )';
  EXECUTE IMMEDIATE 'INSERT INTO A2_Staff VALUES ( ''59149822'', ''Junior Parraman'', ''57, Harper''''s Court, Louthham'',''05423313823'', TO_DATE( ''08/03/1983'', ''DD/MM/YYYY'' ), TO_DATE( ''25/11/2017'', ''DD/MM/YYYY'' ), 13462, ''87490252'', ''The Glory Showhouse'' )';
  EXECUTE IMMEDIATE 'INSERT INTO A2_Staff VALUES ( ''98457453'', ''Mel Dixon'', ''41, Highridge Way, Layburn'',''03562876107'', TO_DATE( ''04/04/1960'', ''DD/MM/YYYY'' ), TO_DATE( ''20/01/1996'', ''DD/MM/YYYY'' ), 28945, NULL, ''Odeon on the Hill'' )';
  EXECUTE IMMEDIATE 'INSERT INTO A2_Staff VALUES ( ''25454767'', ''Grace Leeman'', ''96, Nightingale Avenue, Layburn'',''03452865910'', TO_DATE( ''08/12/1978'', ''DD/MM/YYYY'' ), TO_DATE( ''06/03/2000'', ''DD/MM/YYYY'' ), 15036, NULL, ''Odeon on the Hill'' )';
  EXECUTE IMMEDIATE 'INSERT INTO A2_Staff VALUES ( ''44093772'', ''Sunil Malik'', ''7, Pickard''''s Rise, Tramley'',''04527867199'', TO_DATE( ''16/07/2001'', ''DD/MM/YYYY'' ), TO_DATE( ''13/07/2021'', ''DD/MM/YYYY'' ), 9452, ''98457453'', ''Odeon on the Hill'' )';
  EXECUTE IMMEDIATE 'INSERT INTO A2_Staff VALUES ( ''50098335'', ''John Yang'', ''32, The Vetchfield, Sharpenley'',''04652876194'', TO_DATE( ''24/06/1975'', ''DD/MM/YYYY'' ), TO_DATE( ''07/10/1999'', ''DD/MM/YYYY'' ), 26870, NULL, ''Odeon on the Hill'' )';
  EXECUTE IMMEDIATE 'INSERT INTO A2_Staff VALUES ( ''74668654'', ''Lia Caron'', ''5, Rooks Road, Southlands'',''04518862843'', TO_DATE( ''13/11/1996'', ''DD/MM/YYYY'' ), TO_DATE( ''11/01/2019'', ''DD/MM/YYYY'' ), 10923, ''98457453'', ''Odeon on the Hill'' )';
  EXECUTE IMMEDIATE 'INSERT INTO A2_Staff VALUES ( ''54513755'', ''Una Gilles'', ''17, Swallow Close, Layburn'',''05672534927'', TO_DATE( ''10/05/1994'', ''DD/MM/YYYY'' ), TO_DATE( ''11/01/2019'', ''DD/MM/YYYY'' ), 12801, ''98457453'', ''Odeon on the Hill'' )';
  EXECUTE IMMEDIATE 'INSERT INTO A2_Staff VALUES ( ''28722675'', ''Greta Pearsson'', ''23, The Tryst, Lindon'',''02456817717'', TO_DATE( ''09/06/1995'', ''DD/MM/YYYY'' ), TO_DATE( ''29/04/2017'', ''DD/MM/YYYY'' ), 15472, NULL, ''Odeon on the Hill'' )';
  EXECUTE IMMEDIATE 'INSERT INTO A2_Staff VALUES ( ''78600731'', ''Rex Masters'', ''1, Maynard''''s Drive, Sandley'',''04526611721'', TO_DATE( ''30/06/1989'', ''DD/MM/YYYY'' ), TO_DATE( ''20/07/2016'', ''DD/MM/YYYY'' ), 12980, NULL, ''Odeon on the Hill'' )';
  EXECUTE IMMEDIATE 'INSERT INTO A2_Staff VALUES ( ''67600111'', ''Nigel Grey'', ''39, Orchard Way, North Treban'',''05628759824'', TO_DATE( ''25/12/1982'', ''DD/MM/YYYY'' ), TO_DATE( ''14/05/2009'', ''DD/MM/YYYY'' ), 16982, NULL, ''Odeon on the Hill'' )';
  EXECUTE IMMEDIATE 'INSERT INTO A2_Staff VALUES ( ''99556287'', ''Leroy Grimes'', ''45, Orchard Way, North Treban'',''04355253951'', TO_DATE( ''13/06/1996'', ''DD/MM/YYYY'' ), TO_DATE( ''29/04/2017'', ''DD/MM/YYYY'' ), 13980, ''50098335'', ''Odeon on the Hill'' )';
  EXECUTE IMMEDIATE 'INSERT INTO A2_Staff VALUES ( ''98778452'', ''Talia Roberts'', ''16, Mount Vernon Heights, Louthham'',''05278182846'', TO_DATE( ''28/02/1977'', ''DD/MM/YYYY'' ), TO_DATE( ''25/11/2017'', ''DD/MM/YYYY'' ), 12673, ''50098335'', ''Odeon on the Hill'' )';
  EXECUTE IMMEDIATE 'INSERT INTO A2_Staff VALUES ( ''74665893'', ''Mona Rivers'', ''6, Hexagon Road, South Treban'',''04359892716'', TO_DATE( ''24/08/1973'', ''DD/MM/YYYY'' ), TO_DATE( ''23/02/1997'', ''DD/MM/YYYY'' ), 18657, NULL, ''Flix'' )';
  EXECUTE IMMEDIATE 'INSERT INTO A2_Staff VALUES ( ''65639526'', ''Ian Lewis'', ''10b, Simmonds View, Bycester'', ''06458222198'', TO_DATE( ''22/08/1990'', ''DD/MM/YYYY'' ), TO_DATE( ''15/09/2009'', ''DD/MM/YYYY'' ), 21563, NULL, ''Flix'' )';
  EXECUTE IMMEDIATE 'INSERT INTO A2_Staff VALUES ( ''34577862'', ''Simona Patel'', ''67, The Sidings, Louthham'',''04632873354'', TO_DATE( ''24/05/1979'', ''DD/MM/YYYY'' ), TO_DATE( ''20/03/1998'', ''DD/MM/YYYY'' ), 13763, NULL, ''Flix'' )';
  EXECUTE IMMEDIATE 'INSERT INTO A2_Staff VALUES ( ''22262223'', ''Lily Maynard'', ''White Mansion, Lovers Lane, Makerfield'',''04333873272'', TO_DATE( ''09/01/1985'', ''DD/MM/YYYY'' ), TO_DATE( ''16/06/2012'', ''DD/MM/YYYY'' ), 0, NULL, ''Flix'' )';
  EXECUTE IMMEDIATE 'INSERT INTO A2_Staff VALUES ( ''16646149'', ''Graham Kennedy'', ''87, Needle Street, Lindon'',''05452374187'', TO_DATE( ''08/06/1964'', ''DD/MM/YYYY'' ), TO_DATE( ''04/01/1994'', ''DD/MM/YYYY'' ), 34871, NULL, ''Flix'' )';
  EXECUTE IMMEDIATE 'INSERT INTO A2_Staff VALUES ( ''77285398'', ''Grace Sunnyside'', ''11, Willow Road, Cornlee'',''0467398217'', TO_DATE( ''25/11/1981'', ''DD/MM/YYYY'' ), TO_DATE( ''09/11/2002'', ''DD/MM/YYYY'' ), 20912, NULL, ''Flix'' )';
  EXECUTE IMMEDIATE 'INSERT INTO A2_Staff VALUES ( ''55455816'', ''Larry Maise'', ''99, Balloon Crescent, Southlands'',''05276232971'', TO_DATE( ''31/05/2000'', ''DD/MM/YYYY'' ), TO_DATE( ''06/06/2018'', ''DD/MM/YYYY'' ), 10348, ''34577862'', ''Flix'' )';
  EXECUTE IMMEDIATE 'INSERT INTO A2_Staff VALUES ( ''28767076'', ''Monty Cleb'', ''121, Seaview, Lindon'',''04439264756'', TO_DATE( ''16/08/1976'', ''DD/MM/YYYY'' ), TO_DATE( ''16/04/1998'', ''DD/MM/YYYY'' ), 0, NULL, ''Flix'' )';
  EXECUTE IMMEDIATE 'INSERT INTO A2_Staff VALUES ( ''77321838'', ''Gordon Slade'', ''13b, Carnfield, Masterton'',''04545292773'', TO_DATE( ''03/10/1993'', ''DD/MM/YYYY'' ), TO_DATE( ''02/02/2014'', ''DD/MM/YYYY'' ), 0, NULL, ''Flix'' )';
  EXECUTE IMMEDIATE 'INSERT INTO A2_Staff VALUES ( ''99525981'', ''Coren O''''Halloran'', ''3, New Street, Makerfield'',''03648736296'', TO_DATE( ''12/09/1989'', ''DD/MM/YYYY'' ), TO_DATE( ''06/11/2009'', ''DD/MM/YYYY'' ), 28935, NULL, ''Masterton Multiplex'' )';
  EXECUTE IMMEDIATE 'INSERT INTO A2_Staff VALUES ( ''39803986'', ''Petr Cillich'', ''3, Coral Way, Layburn'',''04992730026'', TO_DATE( ''31/07/1998'', ''DD/MM/YYYY'' ), TO_DATE( ''30/06/2018'', ''DD/MM/YYYY'' ), 20965, ''99525981'', ''Masterton Multiplex'' )';
  EXECUTE IMMEDIATE 'INSERT INTO A2_Staff VALUES ( ''67633791'', ''Kelly Reason'', ''78, Heron Road, Layburn'',''03545620302'', TO_DATE( ''21/08/1967'', ''DD/MM/YYYY'' ), TO_DATE( ''16/04/2010'', ''DD/MM/YYYY'' ), 19845, NULL, ''Masterton Multiplex'' )';
  EXECUTE IMMEDIATE 'INSERT INTO A2_Staff VALUES ( ''11000023'', ''Sally Merrick'', ''9, Spring Road, Cornlee'',''06295426743'', TO_DATE( ''29/04/1994'', ''DD/MM/YYYY'' ), TO_DATE( ''05/01/2014'', ''DD/MM/YYYY'' ), 22549, ''99525981'', ''Masterton Multiplex'' )';
  EXECUTE IMMEDIATE 'INSERT INTO A2_Staff VALUES ( ''65653986'', ''Harry Mann'', ''87, Kilmarnock Road, Makerfield'',''06462347295'', TO_DATE( ''15/07/1985'', ''DD/MM/YYYY'' ), TO_DATE( ''29/10/2013'', ''DD/MM/YYYY'' ), 19845, NULL, ''Masterton Multiplex'' )';
  EXECUTE IMMEDIATE 'INSERT INTO A2_Staff VALUES ( ''06441252'', ''Clive Partman'', ''2, The Guidings, Bycester'',''04447383929'', TO_DATE( ''04/08/1999'', ''DD/MM/YYYY'' ), TO_DATE( ''27/06/2018'', ''DD/MM/YYYY'' ), 11904, ''11000023'', ''Masterton Multiplex'' )';
  EXECUTE IMMEDIATE 'INSERT INTO A2_Staff VALUES ( ''03456712'', ''Mary Colleridge'', ''20, Main Street, Louthham'',''05298335718'', TO_DATE( ''23/06/1985'', ''DD/MM/YYYY'' ), TO_DATE( ''30/12/2016'', ''DD/MM/YYYY'' ), 12785, ''11000023'', ''Masterton Multiplex'' )';
  EXECUTE IMMEDIATE 'INSERT INTO A2_Staff VALUES ( ''55299358'', ''James Glade'', ''16, Coopers Meadow, South Treban'',''03639827716'', TO_DATE( ''12/10/1973'', ''DD/MM/YYYY'' ), TO_DATE( ''02/04/2013'', ''DD/MM/YYYY'' ), 14785, NULL, ''Masterton Multiplex'' )';
  EXECUTE IMMEDIATE 'INSERT INTO A2_Staff VALUES ( ''00461285'', ''Clyde Rusman'', ''10, Brownlee Grange, Sandley'',''05382811759'', TO_DATE( ''09/07/1987'', ''DD/MM/YYYY'' ), TO_DATE( ''23/11/2015'', ''DD/MM/YYYY'' ), 23097, ''99525981'', ''Masterton Multiplex'' )';
  EXECUTE IMMEDIATE 'INSERT INTO A2_Staff VALUES ( ''73221802'', ''Jonathon Preece'', ''37, Willow Road, Cornlee'',''05276631836'', TO_DATE( ''05/06/1993'', ''DD/MM/YYYY'' ), TO_DATE( ''16/02/2019'', ''DD/MM/YYYY'' ), 11542, ''11000023'', ''Masterton Multiplex'' )';
  EXECUTE IMMEDIATE 'INSERT INTO A2_Staff VALUES ( ''89787960'', ''Mitchell Coogan'', ''45, Whooper Way, Cosset'',''05288163424'', TO_DATE( ''18/02/1978'', ''DD/MM/YYYY'' ), TO_DATE( ''17/06/2011'', ''DD/MM/YYYY'' ), 14784, NULL, ''Masterton Multiplex'' )';
  EXECUTE IMMEDIATE 'INSERT INTO A2_Staff VALUES ( ''44388987'', ''Donna Kowalski'', ''11, Legion Crescent, Lyndham'',''04637824474'', TO_DATE( ''29/04/1977'', ''DD/MM/YYYY'' ), TO_DATE( ''12/08/2010'', ''DD/MM/YYYY'' ), 15462, NULL, ''Masterton Multiplex'' )';
  EXECUTE IMMEDIATE 'INSERT INTO A2_Staff VALUES ( ''76123223'', ''Liam Grey'', ''71, Field Drive, Sharpenley'',''03342981063'', TO_DATE( ''22/03/1994'', ''DD/MM/YYYY'' ), TO_DATE( ''23/04/2012'', ''DD/MM/YYYY'' ), 15462, NULL, ''Masterton Multiplex'' )';
  EXECUTE IMMEDIATE 'INSERT INTO A2_Staff VALUES ( ''34282831'', ''Greg Millward'', ''15, Parsonage Way, North Treban'',''05617638118'', TO_DATE( ''24/06/1992'', ''DD/MM/YYYY'' ), TO_DATE( ''02/07/2011'', ''DD/MM/YYYY'' ), 15462, ''99525981'', ''Masterton Multiplex'' )';
  EXECUTE IMMEDIATE 'INSERT INTO A2_Staff VALUES ( ''11083203'', ''Angela Lewis'', ''87, Messenger Street, Lindon'',''05381242253'', TO_DATE( ''16/05/1971'', ''DD/MM/YYYY'' ), TO_DATE( ''25/11/2010'', ''DD/MM/YYYY'' ), 15867, NULL, ''Masterton Multiplex'' )';
  EXECUTE IMMEDIATE 'INSERT INTO A2_Staff VALUES ( ''65665656'', ''Jane Lewis'', ''1, Makerfield Road, Lindon'',''04545297182'', TO_DATE( ''28/10/1965'', ''DD/MM/YYYY'' ), TO_DATE( ''23/06/2001'', ''DD/MM/YYYY'' ), 12981, NULL, ''Masterton Multiplex'' )';
  EXECUTE IMMEDIATE 'INSERT INTO A2_Staff VALUES ( ''73174562'', ''Claire Grayson'', ''17, The Sidings, Louthham'',''03928871930'', TO_DATE( ''24/08/1994'', ''DD/MM/YYYY'' ), TO_DATE( ''17/08/2014'', ''DD/MM/YYYY'' ), 12981, ''99525981'', ''Masterton Multiplex'' )';
  EXECUTE IMMEDIATE 'INSERT INTO A2_Staff VALUES ( ''04570639'', ''Dillon Cree'', ''21, Upper Lane, Lyndham'',''04637387621'', TO_DATE( ''15/03/1977'', ''DD/MM/YYYY'' ), TO_DATE( ''15/09/2009'', ''DD/MM/YYYY'' ), 16982, NULL, ''Masterton Multiplex'' )';
  EXECUTE IMMEDIATE 'INSERT INTO A2_Staff VALUES ( ''77363927'', ''Sally Marr'', ''40, Rippledown, Southlands'',''05738635299'', TO_DATE( ''06/01/1983'', ''DD/MM/YYYY'' ), TO_DATE( ''01/04/2011'', ''DD/MM/YYYY'' ), 21786, ''99525981'', ''Masterton Multiplex'' )';
  EXECUTE IMMEDIATE 'INSERT INTO A2_Staff VALUES ( ''01528236'', ''Shay Hernandez'', ''6, St. Giles Road, Layburn'',''04659928274'', TO_DATE( ''23/08/1997'', ''DD/MM/YYYY'' ), TO_DATE( ''15/08/2018'', ''DD/MM/YYYY'' ), 9823, NULL, ''Masterton Multiplex'' )';
  EXECUTE IMMEDIATE 'INSERT INTO A2_Staff VALUES ( ''00103108'', ''Chris French'', ''7, Bay Horse Gardens, Cricklade'',''03674628917'', TO_DATE( ''16/10/2003'', ''DD/MM/YYYY'' ), TO_DATE( ''14/07/2021'', ''DD/MM/YYYY'' ), 10781, ''99525981'', ''Masterton Multiplex'' )';
  EXECUTE IMMEDIATE 'INSERT INTO A2_Staff VALUES ( ''65634454'', ''Lu Won'', ''5, Deepdown, Cornlee'',''04820381863'', TO_DATE( ''19/05/1998'', ''DD/MM/YYYY'' ), TO_DATE( ''25/11/2017'', ''DD/MM/YYYY'' ), 23546, NULL, ''Masterton Multiplex'' )';
  EXECUTE IMMEDIATE 'INSERT INTO A2_Staff VALUES ( ''33901256'', ''Gordon Slade'', ''Old Bakery, The Guidings, Bycester'',''03771927459'', TO_DATE( ''23/08/2002'', ''DD/MM/YYYY'' ), TO_DATE( ''04/11/2021'', ''DD/MM/YYYY'' ), 12981, ''99525981'', ''Masterton Multiplex'' )';
  EXECUTE IMMEDIATE 'INSERT INTO A2_Staff VALUES ( ''67628421'', ''Lec Dombrovski'', ''8, Major Avenue, Makerfield'',''05117311711'', TO_DATE( ''17/09/2001'', ''DD/MM/YYYY'' ), TO_DATE( ''25/04/2020'', ''DD/MM/YYYY'' ), 10873, ''39803986'', ''Masterton Multiplex'' )';
  EXECUTE IMMEDIATE 'INSERT INTO A2_Staff VALUES ( ''11775023'', ''Jurgen Klein'', ''29, Devilliers Terrace, South Treban'',''04873336291'', TO_DATE( ''05/04/1995'', ''DD/MM/YYYY'' ), TO_DATE( ''25/11/2017'', ''DD/MM/YYYY'' ), 19760, NULL, ''Masterton Multiplex'' )';
  EXECUTE IMMEDIATE 'INSERT INTO A2_Staff VALUES ( ''59963426'', ''Daniel Caine'', ''104, The Elms, Summeridge'',''02634691962'', TO_DATE( ''16/02/1997'', ''DD/MM/YYYY'' ), TO_DATE( ''07/04/2016'', ''DD/MM/YYYY'' ), 6834, NULL, ''Masterton Multiplex'' )';
  EXECUTE IMMEDIATE 'INSERT INTO A2_Staff VALUES ( ''56455662'', ''Patrick t''''Gooi'', ''24, Coopers Meadow, South Treban'',''03528919702'', TO_DATE( ''23/06/2002'', ''DD/MM/YYYY'' ), TO_DATE( ''17/09/2021'', ''DD/MM/YYYY'' ), 9823, NULL, ''Masterton Multiplex'' )';
  EXECUTE IMMEDIATE 'INSERT INTO A2_Staff VALUES ( ''35656919'', ''Simmien Lagrange'', ''5, Mount Drive, Lindon'',''02867342272'', TO_DATE( ''11/02/1973'', ''DD/MM/YYYY'' ), TO_DATE( ''17/06/2012'', ''DD/MM/YYYY'' ), 25895, NULL, ''Grange Cinema'' )';
  EXECUTE IMMEDIATE 'INSERT INTO A2_Staff VALUES ( ''09058443'', ''Mavis Jones'', ''53, Field Drive, Sharpenley'',''04198372098'', TO_DATE( ''11/03/1994'', ''DD/MM/YYYY'' ), TO_DATE( ''19/06/2014'', ''DD/MM/YYYY'' ), 4050, NULL, ''Grange Cinema'' )';
  EXECUTE IMMEDIATE 'INSERT INTO A2_Staff VALUES ( ''62211292'', ''Colm Grey'', ''9, Gascony Close, Bycester'',''03638156922'', TO_DATE( ''12/05/1994'', ''DD/MM/YYYY'' ), TO_DATE( ''19/06/2014'', ''DD/MM/YYYY'' ), 23678, NULL, ''Grange Cinema'' )';
  EXECUTE IMMEDIATE 'INSERT INTO A2_Staff VALUES ( ''11011081'', ''April Summers'', ''5, The Tryst, Lindon'',''06382528562'', TO_DATE( ''13/10/2002'', ''DD/MM/YYYY'' ), TO_DATE( ''24/11/2019'', ''DD/MM/YYYY'' ), 23678, ''35656919'', ''Grange Cinema'' )';
  EXECUTE IMMEDIATE 'INSERT INTO A2_Staff VALUES ( ''75469393'', ''Gaynor Simmonds'', ''67, Orchard Way, North Treban'',''04837365283'', TO_DATE( ''16/11/1993'', ''DD/MM/YYYY'' ), TO_DATE( ''03/05/2016'', ''DD/MM/YYYY'' ), 18945, NULL, ''Grange Cinema'' )';
  EXECUTE IMMEDIATE 'INSERT INTO A2_Staff VALUES ( ''98327435'', ''Stuart Chris'', ''8, Upper Lane, Lyndham'',''04830082911'', TO_DATE( ''23/04/1991'', ''DD/MM/YYYY'' ), TO_DATE( ''29/04/2012'', ''DD/MM/YYYY'' ), 16880, NULL, ''Grange Cinema'' )';
  EXECUTE IMMEDIATE 'INSERT INTO A2_Staff VALUES ( ''77987030'', ''Leon Gilbert'', ''82, Nightingale Avenue, Layburn'',''04639211813'', TO_DATE( ''14/01/1980'', ''DD/MM/YYYY'' ), TO_DATE( ''16/01/2003'', ''DD/MM/YYYY'' ), 18676, NULL, ''Grange Cinema'' )';
  EXECUTE IMMEDIATE 'INSERT INTO A2_Staff VALUES ( ''57443936'', ''Michael Jones'', ''17, Cow Lane, North Treban'',''03852925017'', TO_DATE( ''15/10/1993'', ''DD/MM/YYYY'' ), TO_DATE( ''17/01/2012'', ''DD/MM/YYYY'' ), 20985, NULL, ''Grange Cinema'' )';
  EXECUTE IMMEDIATE 'INSERT INTO A2_Staff VALUES ( ''22090328'', ''Chip McGrady'', ''41, Western Way, Louthham'',''03726761624'', TO_DATE( ''26/07/2000'', ''DD/MM/YYYY'' ), TO_DATE( ''30/11/2018'', ''DD/MM/YYYY'' ), 13905, ''09058443'', ''Grange Cinema'' )';
  EXECUTE IMMEDIATE 'INSERT INTO A2_Staff VALUES ( ''10026933'', ''William Port'', ''13, Pickard''''s Rise, Tramley'',''03544583502'', TO_DATE( ''12/02/1998'', ''DD/MM/YYYY'' ), TO_DATE( ''13/04/2019'', ''DD/MM/YYYY'' ), 12087, ''09058443'', ''Grange Cinema'' )';
  EXECUTE IMMEDIATE 'INSERT INTO A2_Staff VALUES ( ''50488458'', ''Sadie Blowers'', ''29, Rooks Road, Southlands'',''04989279919'', TO_DATE( ''19/03/1986'', ''DD/MM/YYYY'' ), TO_DATE( ''28/06/2007'', ''DD/MM/YYYY'' ), 19783, NULL, ''Grange Cinema'' )';
  EXECUTE IMMEDIATE 'INSERT INTO A2_Staff VALUES ( ''65651763'', ''Manesh Kumar'', ''29, Sandpit Drive, Lindon'',''03652846354'', TO_DATE( ''18/08/1990'', ''DD/MM/YYYY'' ), TO_DATE( ''28/10/2015'', ''DD/MM/YYYY'' ), 16809, ''35656919'', ''Grange Cinema'' )';
  EXECUTE IMMEDIATE 'INSERT INTO A2_Staff VALUES ( ''99243748'', ''Lester Myerscough'', ''Riverview, The Tryst, Lindon'',''04756937117'', TO_DATE( ''28/11/1984'', ''DD/MM/YYYY'' ), TO_DATE( ''16/03/2014'', ''DD/MM/YYYY'' ), 15873, NULL, ''Grange Cinema'' )';
  EXECUTE IMMEDIATE 'INSERT INTO A2_Staff VALUES ( ''38400031'', ''Percy Walsh'', ''3, Weavers Cottages, North Treban'',''03762876115'', TO_DATE( ''13/05/1997'', ''DD/MM/YYYY'' ), TO_DATE( ''01/05/2018'', ''DD/MM/YYYY'' ), 14556, NULL, ''Grange Cinema'' )';
  EXECUTE IMMEDIATE 'INSERT INTO A2_Staff VALUES ( ''33408233'', ''Brian Took'', ''82b, Prestatin Road, Cricklade'',''03672983802'', TO_DATE( ''16/05/1997'', ''DD/MM/YYYY'' ), TO_DATE( ''13/09/2020'', ''DD/MM/YYYY'' ), 13005, ''62211292'', ''Grange Cinema'' )';
  EXECUTE IMMEDIATE 'INSERT INTO A2_Staff VALUES ( ''80216508'', ''Ludmila Askenaza'', ''27, Devilliers Terrace, South Treban'',''04720183720'', TO_DATE( ''25/06/1990'', ''DD/MM/YYYY'' ), TO_DATE( ''29/05/2018'', ''DD/MM/YYYY'' ), 15673, NULL, ''Grange Cinema'' )';
  EXECUTE IMMEDIATE 'INSERT INTO A2_Staff VALUES ( ''77533109'', ''Grant Jaysen'', ''12, The Elms, Summeridge'',''03777293724'', TO_DATE( ''01/08/1986'', ''DD/MM/YYYY'' ), TO_DATE( ''13/12/2017'', ''DD/MM/YYYY'' ), 13675, ''09058443'', ''Grange Cinema'' )';
  EXECUTE IMMEDIATE 'INSERT INTO A2_Staff VALUES ( ''15439639'', ''Pierre Marsh'', ''14, Upper Lane, Lyndham'',''05639189224'', TO_DATE( ''29/02/1988'', ''DD/MM/YYYY'' ), TO_DATE( ''23/02/2015'', ''DD/MM/YYYY'' ), 11983, ''35656919'', ''Grange Cinema'' )';
  EXECUTE IMMEDIATE 'INSERT INTO A2_Staff VALUES ( ''06040173'', ''Kate Mayhew'', ''92, Needle Street, Lindon'',''04837283375'', TO_DATE( ''29/06/1997'', ''DD/MM/YYYY'' ), TO_DATE( ''14/08/2019'', ''DD/MM/YYYY'' ), 10845, ''62211292'', ''Grange Cinema'' )';
  EXECUTE IMMEDIATE 'INSERT INTO A2_Staff VALUES ( ''06040172'', ''Garth Mcfadden'', ''17, Windmill Drive, Bycester'',''03773477317'', TO_DATE( ''22/08/1979'', ''DD/MM/YYYY'' ), TO_DATE( ''16/08/2020'', ''DD/MM/YYYY'' ), 12667, ''62211292'', ''Grange Cinema'' )';

  DBMS_OUTPUT.PUT_LINE(' ... A2_Staff');

  EXECUTE IMMEDIATE 'INSERT INTO A2_Film VALUES (''23874985'', ''It Happened One Night'', ''U'', 105, ''A renegade reporter trailing a young runaway heiress for a big story joins her on a bus heading from Florida to New York.'', TO_DATE(''1934'', ''YYYY''))';
  EXECUTE IMMEDIATE 'INSERT INTO A2_Film VALUES (''73923747'', ''Modern Times'', ''U'', 87, ''A Tramp struggles to live in modern industrial society with the help of a young homeless woman.'', TO_DATE(''1936'', ''YYYY''))';
  EXECUTE IMMEDIATE 'INSERT INTO A2_Film VALUES (''27749483'', ''The Wizard of Oz'', ''U'', 102, ''Young Dorothy Gale and her dog are swept away by a tornado from their Kansas farm to the magical Land of Oz, and embark on a quest with three new friends to see the Wizard, who can return her to her home and fulfill the others'''' wishes.'', TO_DATE(''1939'', ''YYYY''))';
  EXECUTE IMMEDIATE 'INSERT INTO A2_Film VALUES (''90436272'', ''Black Panther'', ''12A'', 134, ''T''''Challa, heir to the hidden but advanced kingdom of Wakanda, must step forward to lead his people into a new future and must confront a challenger from his country''''s past.'', TO_DATE(''2018'', ''YYYY''))';
  EXECUTE IMMEDIATE 'INSERT INTO A2_Film VALUES (''23683940'', ''Citizen Kane'', ''U'', 119, ''Following the death of publishing tycoon Charles Foster Kane, reporters scramble to uncover the meaning of his final utterance; ''''Rosebud''''.'', TO_DATE(''1941'', ''YYYY''))';
  EXECUTE IMMEDIATE 'INSERT INTO A2_Film VALUES (''88594036'', ''Parasite'', ''15'', 132, ''Greed and class discrimination threaten the newly formed symbiotic relationship between the wealthy Park family and the destitute Kim clan.'', TO_DATE(''2019'', ''YYYY''))';
  EXECUTE IMMEDIATE 'INSERT INTO A2_Film VALUES (''88854033'', ''Avengers: Endgame'', ''12A'', 181, ''After the devastating events of Avengers: Infinity War, the universe is in ruins. With the help of remaining allies, the Avengers assemble once more in order to reverse Thanos'''' actions and restore balance to the universe.'', TO_DATE(''2019'', ''YYYY''))';
  EXECUTE IMMEDIATE 'INSERT INTO A2_Film VALUES (''48950223'', ''Casablanca'', ''U'', 102, ''A cynical expatriate American cafe owner struggles to decide whether or not to help his former lover and her fugitive husband escape the Nazis in French Morocco.'', TO_DATE(''1942'', ''YYYY''))';
  EXECUTE IMMEDIATE 'INSERT INTO A2_Film VALUES (''22093939'', ''Knives Out'', ''12A'', 130, ''A detective investigates the death of a patriarch of an eccentric, combative family.'', TO_DATE(''2019'', ''YYYY''))';
  EXECUTE IMMEDIATE 'INSERT INTO A2_Film VALUES (''19984679'', ''Us'', ''15'', 116, ''A family''''s serene beach vacation turns to chaos when their doppelgängers appear and begin to terrorize them.'', TO_DATE(''2019'', ''YYYY''))';
  EXECUTE IMMEDIATE 'INSERT INTO A2_Film VALUES (''77302984'', ''Get Out'', ''15'', 104, ''A young African-American visits his white girlfriend''''s parents for the weekend, where his simmering uneasiness about their reception of him eventually reaches a boiling point.'', TO_DATE(''2017'', ''YYYY''))';
  EXECUTE IMMEDIATE 'INSERT INTO A2_Film VALUES (''63009805'', ''All about Eve'', ''U'', 158, ''A seemingly timid but secretly ruthless ingénue insinuates herself into the lives of an aging Broadway star and her circle of theater friends.'', TO_DATE(''1950'', ''YYYY''))';
  EXECUTE IMMEDIATE 'INSERT INTO A2_Film VALUES (''38874392'', ''North by North West'', ''PG'', 136, ''A New York City advertising executive goes on the run after being mistaken for a government agent by a group of foreign spies, and falls for a woman whose loyalties he begins to doubt.'', TO_DATE(''1959'', ''YYYY''))';
  EXECUTE IMMEDIATE 'INSERT INTO A2_Film VALUES (''49920322'', ''Psycho'', ''15'', 109, ''A Phoenix secretary embezzles $40,000 from her employer''''s client, goes on the run, and checks into a remote motel run by a young man under the domination of his mother.'', TO_DATE(''1960'', ''YYYY''))';
  EXECUTE IMMEDIATE 'INSERT INTO A2_Film VALUES (''29888794'', ''L.A. Confidential'', ''15'', 138, ''As corruption grows in 1950s Los Angeles, three policemen - one strait-laced, one brutal, and one sleazy - investigate a series of murders with their own brand of justice.'', TO_DATE(''1934'', ''YYYY''))';
  EXECUTE IMMEDIATE 'INSERT INTO A2_Film VALUES (''14145673'', ''A Hard Day''''s Night'', ''PG'', 97, ''Over two "typical" days in the life of The Beatles, the boys struggle to keep themselves and Paul McCartney''''s mischievous grandfather in check while preparing for a live TV performance.'', TO_DATE(''1964'', ''YYYY''))';
  EXECUTE IMMEDIATE 'INSERT INTO A2_Film VALUES (''38874372'', ''The Godfather'', ''15'', 175, ''The Godfather follows Vito Corleone Don of the Corleone family as he passes the mantel to his son Michael.'', TO_DATE(''1972'', ''YYYY''))';
  EXECUTE IMMEDIATE 'INSERT INTO A2_Film VALUES (''49921422'', ''Alien'', 15, 117, ''After a space merchant vessel receives an unknown transmission as a distress call, one of the crew is attacked by a mysterious life form and they soon realize that its life cycle has merely begun.'', TO_DATE(''1979'', ''YYYY''))';
  EXECUTE IMMEDIATE 'INSERT INTO A2_Film VALUES (''29333794'', ''King Kong'', ''U'', 100, ''A film crew goes to a tropical island for an exotic location shoot and discovers a colossal ape who takes a shine to their female blonde star. He is then captured and brought back to New York City for public exhibition.'', TO_DATE(''1933'', ''YYYY''))';
  EXECUTE IMMEDIATE 'INSERT INTO A2_Film VALUES (''16165673'', ''The Blues Brothers'', ''15'', 133, ''Jake Blues rejoins with his brother Elwood after being released from prison, but the duo has just days to reunite their old RnB band and save the Catholic home where the two were raised, outrunning the police as they tear through Chicago.'', TO_DATE(''1980'', ''YYYY''))';

  DBMS_OUTPUT.PUT_LINE(' ... A2_Film');

  EXECUTE IMMEDIATE 'INSERT INTO A2_Screen VALUES (''Marvale Rex'', 1, 245)';
  EXECUTE IMMEDIATE 'INSERT INTO A2_Screen VALUES (''Marvale Rex'', 2, 120)';
  EXECUTE IMMEDIATE 'INSERT INTO A2_Screen VALUES (''Treban Picturehouse'', 1, 190)';
  EXECUTE IMMEDIATE 'INSERT INTO A2_Screen VALUES (''Treban Picturehouse'', 2, 96)';
  EXECUTE IMMEDIATE 'INSERT INTO A2_Screen VALUES (''Treban Picturehouse'', 3, 40)';
  EXECUTE IMMEDIATE 'INSERT INTO A2_Screen VALUES (''The Glory Showhouse'', 1, 180)';
  EXECUTE IMMEDIATE 'INSERT INTO A2_Screen VALUES (''The Glory Showhouse'', 2, 180)';
  EXECUTE IMMEDIATE 'INSERT INTO A2_Screen VALUES (''Odeon on the Hill'', 1, 190)';
  EXECUTE IMMEDIATE 'INSERT INTO A2_Screen VALUES (''Odeon on the Hill'', 2, 115)';
  EXECUTE IMMEDIATE 'INSERT INTO A2_Screen VALUES (''Flix'', 1, 75)';
  EXECUTE IMMEDIATE 'INSERT INTO A2_Screen VALUES (''Flix'', 2, 45)';
  EXECUTE IMMEDIATE 'INSERT INTO A2_Screen VALUES (''Flix'', 3, 32)';
  EXECUTE IMMEDIATE 'INSERT INTO A2_Screen VALUES (''Masterton Multiplex'', 1, 302)';
  EXECUTE IMMEDIATE 'INSERT INTO A2_Screen VALUES (''Masterton Multiplex'', 2, 196)';
  EXECUTE IMMEDIATE 'INSERT INTO A2_Screen VALUES (''Masterton Multiplex'', 3, 190)';
  EXECUTE IMMEDIATE 'INSERT INTO A2_Screen VALUES (''Masterton Multiplex'', 4, 174)';
  EXECUTE IMMEDIATE 'INSERT INTO A2_Screen VALUES (''Masterton Multiplex'', 5, 128)';
  EXECUTE IMMEDIATE 'INSERT INTO A2_Screen VALUES (''Masterton Multiplex'', 6, 98)';
  EXECUTE IMMEDIATE 'INSERT INTO A2_Screen VALUES (''Grange Cinema'', 1, 160)';
  EXECUTE IMMEDIATE 'INSERT INTO A2_Screen VALUES (''Grange Cinema'', 2, 132)';
  EXECUTE IMMEDIATE 'INSERT INTO A2_Screen VALUES (''Grange Cinema'', 3, 88)';
  EXECUTE IMMEDIATE 'INSERT INTO A2_Screen VALUES (''Grange Cinema'', 4, 62)';
 
  DBMS_OUTPUT.PUT_LINE(' ... A2_Screen');

  EXECUTE IMMEDIATE 'INSERT INTO A2_Showing VALUES (''183476'', ''Marvale Rex'', 1, ''73923747'')';
  EXECUTE IMMEDIATE 'INSERT INTO A2_Showing VALUES (''183477'', ''Marvale Rex'', 1, ''23874985'')';
  EXECUTE IMMEDIATE 'INSERT INTO A2_Showing VALUES (''183478'', ''Marvale Rex'', 1, ''77302984'')';
  EXECUTE IMMEDIATE 'INSERT INTO A2_Showing VALUES (''183479'', ''Marvale Rex'', 1, ''90436272'')';
  EXECUTE IMMEDIATE 'INSERT INTO A2_Showing VALUES (''183480'', ''Marvale Rex'', 2, ''27749483'')';
  EXECUTE IMMEDIATE 'INSERT INTO A2_Showing VALUES (''183481'', ''Marvale Rex'', 2, ''48950223'')';
  EXECUTE IMMEDIATE 'INSERT INTO A2_Showing VALUES (''183482'', ''Treban Picturehouse'', 1, ''22093939'')';
  EXECUTE IMMEDIATE 'INSERT INTO A2_Showing VALUES (''183483'', ''Treban Picturehouse'', 1, ''38874392'')';
  EXECUTE IMMEDIATE 'INSERT INTO A2_Showing VALUES (''183484'', ''Treban Picturehouse'', 1, ''23874985'')';
  EXECUTE IMMEDIATE 'INSERT INTO A2_Showing VALUES (''183485'', ''Treban Picturehouse'', 1, ''27749483'')';
  EXECUTE IMMEDIATE 'INSERT INTO A2_Showing VALUES (''183486'', ''Treban Picturehouse'', 1, ''90436272'')';
  EXECUTE IMMEDIATE 'INSERT INTO A2_Showing VALUES (''183487'', ''Treban Picturehouse'', 1, ''88594036'')';
  EXECUTE IMMEDIATE 'INSERT INTO A2_Showing VALUES (''183488'', ''Treban Picturehouse'', 2, ''73923747'')';
  EXECUTE IMMEDIATE 'INSERT INTO A2_Showing VALUES (''183489'', ''Treban Picturehouse'', 2, ''88854033'')';
  EXECUTE IMMEDIATE 'INSERT INTO A2_Showing VALUES (''183490'', ''Treban Picturehouse'', 2, ''48950223'')';
  EXECUTE IMMEDIATE 'INSERT INTO A2_Showing VALUES (''183491'', ''Treban Picturehouse'', 2, ''19984679'')';
  EXECUTE IMMEDIATE 'INSERT INTO A2_Showing VALUES (''183492'', ''Treban Picturehouse'', 3, ''23874985'')';
  EXECUTE IMMEDIATE 'INSERT INTO A2_Showing VALUES (''183493'', ''Treban Picturehouse'', 3, ''23683940'')';
  EXECUTE IMMEDIATE 'INSERT INTO A2_Showing VALUES (''183494'', ''Treban Picturehouse'', 3, ''88854033'')';
  EXECUTE IMMEDIATE 'INSERT INTO A2_Showing VALUES (''183495'', ''Treban Picturehouse'', 3, ''73923747'')';
  EXECUTE IMMEDIATE 'INSERT INTO A2_Showing VALUES (''183496'', ''The Glory Showhouse'', 1, ''29888794'')';
  EXECUTE IMMEDIATE 'INSERT INTO A2_Showing VALUES (''183497'', ''The Glory Showhouse'', 1, ''73923747'')';
  EXECUTE IMMEDIATE 'INSERT INTO A2_Showing VALUES (''183498'', ''The Glory Showhouse'', 1, ''49920322'')';
  EXECUTE IMMEDIATE 'INSERT INTO A2_Showing VALUES (''183499'', ''The Glory Showhouse'', 1, ''19984679'')';
  EXECUTE IMMEDIATE 'INSERT INTO A2_Showing VALUES (''183500'', ''The Glory Showhouse'', 1, ''23683940'')';
  EXECUTE IMMEDIATE 'INSERT INTO A2_Showing VALUES (''183501'', ''The Glory Showhouse'', 1, ''48950223'')';
  EXECUTE IMMEDIATE 'INSERT INTO A2_Showing VALUES (''183502'', ''The Glory Showhouse'', 1, ''49921422'')';
  EXECUTE IMMEDIATE 'INSERT INTO A2_Showing VALUES (''183503'', ''The Glory Showhouse'', 2, ''88594036'')';
  EXECUTE IMMEDIATE 'INSERT INTO A2_Showing VALUES (''183504'', ''The Glory Showhouse'', 2, ''63009805'')';
  EXECUTE IMMEDIATE 'INSERT INTO A2_Showing VALUES (''183505'', ''The Glory Showhouse'', 2, ''22093939'')';
  EXECUTE IMMEDIATE 'INSERT INTO A2_Showing VALUES (''183506'', ''The Glory Showhouse'', 2, ''77302984'')';
  EXECUTE IMMEDIATE 'INSERT INTO A2_Showing VALUES (''183507'', ''Odeon on the Hill'', 1, ''88594036'')';
  EXECUTE IMMEDIATE 'INSERT INTO A2_Showing VALUES (''183508'', ''Odeon on the Hill'', 1, ''73923747'')';
  EXECUTE IMMEDIATE 'INSERT INTO A2_Showing VALUES (''183509'', ''Odeon on the Hill'', 1, ''19984679'')';
  EXECUTE IMMEDIATE 'INSERT INTO A2_Showing VALUES (''183510'', ''Odeon on the Hill'', 1, ''22093939'')';
  EXECUTE IMMEDIATE 'INSERT INTO A2_Showing VALUES (''183511'', ''Odeon on the Hill'', 2, ''23874985'')';
  EXECUTE IMMEDIATE 'INSERT INTO A2_Showing VALUES (''183512'', ''Odeon on the Hill'', 2, ''88854033'')';
  EXECUTE IMMEDIATE 'INSERT INTO A2_Showing VALUES (''183513'', ''Flix'', 1, ''77302984'')';
  EXECUTE IMMEDIATE 'INSERT INTO A2_Showing VALUES (''183514'', ''Flix'', 1, ''73923747'')';
  EXECUTE IMMEDIATE 'INSERT INTO A2_Showing VALUES (''183515'', ''Flix'', 1, ''88594036'')';
  EXECUTE IMMEDIATE 'INSERT INTO A2_Showing VALUES (''183516'', ''Flix'', 2, ''23683940'')';
  EXECUTE IMMEDIATE 'INSERT INTO A2_Showing VALUES (''183517'', ''Flix'', 2, ''38874372'')';
  EXECUTE IMMEDIATE 'INSERT INTO A2_Showing VALUES (''183518'', ''Flix'', 2, ''90436272'')';
  EXECUTE IMMEDIATE 'INSERT INTO A2_Showing VALUES (''183519'', ''Flix'', 2, ''63009805'')';
  EXECUTE IMMEDIATE 'INSERT INTO A2_Showing VALUES (''183520'', ''Masterton Multiplex'', 1, ''49921422'')';
  EXECUTE IMMEDIATE 'INSERT INTO A2_Showing VALUES (''183521'', ''Masterton Multiplex'', 1, ''38874392'')';
  EXECUTE IMMEDIATE 'INSERT INTO A2_Showing VALUES (''183522'', ''Masterton Multiplex'', 1, ''90436272'')';
  EXECUTE IMMEDIATE 'INSERT INTO A2_Showing VALUES (''183523'', ''Masterton Multiplex'', 1, ''29888794'')';
  EXECUTE IMMEDIATE 'INSERT INTO A2_Showing VALUES (''183524'', ''Masterton Multiplex'', 1, ''23874985'')';
  EXECUTE IMMEDIATE 'INSERT INTO A2_Showing VALUES (''183525'', ''Masterton Multiplex'', 1, ''88854033'')';
  EXECUTE IMMEDIATE 'INSERT INTO A2_Showing VALUES (''183526'', ''Masterton Multiplex'', 1, ''73923747'')';
  EXECUTE IMMEDIATE 'INSERT INTO A2_Showing VALUES (''183527'', ''Masterton Multiplex'', 2, ''23874985'')';
  EXECUTE IMMEDIATE 'INSERT INTO A2_Showing VALUES (''183528'', ''Masterton Multiplex'', 2, ''22093939'')';
  EXECUTE IMMEDIATE 'INSERT INTO A2_Showing VALUES (''183529'', ''Masterton Multiplex'', 2, ''27749483'')';
  EXECUTE IMMEDIATE 'INSERT INTO A2_Showing VALUES (''183530'', ''Masterton Multiplex'', 2, ''88594036'')';
  EXECUTE IMMEDIATE 'INSERT INTO A2_Showing VALUES (''183531'', ''Masterton Multiplex'', 3, ''88594036'')';
  EXECUTE IMMEDIATE 'INSERT INTO A2_Showing VALUES (''183532'', ''Masterton Multiplex'', 3, ''14145673'')';
  EXECUTE IMMEDIATE 'INSERT INTO A2_Showing VALUES (''183533'', ''Masterton Multiplex'', 3, ''88854033'')';
  EXECUTE IMMEDIATE 'INSERT INTO A2_Showing VALUES (''183534'', ''Masterton Multiplex'', 4, ''90436272'')';
  EXECUTE IMMEDIATE 'INSERT INTO A2_Showing VALUES (''183535'', ''Masterton Multiplex'', 4, ''27749483'')';
  EXECUTE IMMEDIATE 'INSERT INTO A2_Showing VALUES (''183536'', ''Masterton Multiplex'', 4, ''73923747'')';
  EXECUTE IMMEDIATE 'INSERT INTO A2_Showing VALUES (''183537'', ''Masterton Multiplex'', 4, ''19984679'')';
  EXECUTE IMMEDIATE 'INSERT INTO A2_Showing VALUES (''183538'', ''Masterton Multiplex'', 5, ''38874372'')';
  EXECUTE IMMEDIATE 'INSERT INTO A2_Showing VALUES (''183539'', ''Masterton Multiplex'', 5, ''22093939'')';
  EXECUTE IMMEDIATE 'INSERT INTO A2_Showing VALUES (''183540'', ''Masterton Multiplex'', 5, ''23683940'')';
  EXECUTE IMMEDIATE 'INSERT INTO A2_Showing VALUES (''183541'', ''Masterton Multiplex'', 5, ''63009805'')';
  EXECUTE IMMEDIATE 'INSERT INTO A2_Showing VALUES (''183542'', ''Masterton Multiplex'', 5, ''77302984'')';
  EXECUTE IMMEDIATE 'INSERT INTO A2_Showing VALUES (''183543'', ''Masterton Multiplex'', 6, ''49921422'')';
  EXECUTE IMMEDIATE 'INSERT INTO A2_Showing VALUES (''183544'', ''Masterton Multiplex'', 6, ''88854033'')';
  EXECUTE IMMEDIATE 'INSERT INTO A2_Showing VALUES (''183545'', ''Masterton Multiplex'', 6, ''29888794'')';
  EXECUTE IMMEDIATE 'INSERT INTO A2_Showing VALUES (''183546'', ''Grange Cinema'', 1, ''14145673'')';
  EXECUTE IMMEDIATE 'INSERT INTO A2_Showing VALUES (''183547'', ''Grange Cinema'', 1, ''23683940'')';
  EXECUTE IMMEDIATE 'INSERT INTO A2_Showing VALUES (''183548'', ''Grange Cinema'', 1, ''49920322'')';
  EXECUTE IMMEDIATE 'INSERT INTO A2_Showing VALUES (''183549'', ''Grange Cinema'', 1, ''90436272'')';
  EXECUTE IMMEDIATE 'INSERT INTO A2_Showing VALUES (''183550'', ''Grange Cinema'', 1, ''19984679'')';
  EXECUTE IMMEDIATE 'INSERT INTO A2_Showing VALUES (''183552'', ''Grange Cinema'', 2, ''77302984'')';
  EXECUTE IMMEDIATE 'INSERT INTO A2_Showing VALUES (''183553'', ''Grange Cinema'', 2, ''23874985'')';
  EXECUTE IMMEDIATE 'INSERT INTO A2_Showing VALUES (''183554'', ''Grange Cinema'', 2, ''38874392'')';
  EXECUTE IMMEDIATE 'INSERT INTO A2_Showing VALUES (''183555'', ''Grange Cinema'', 2, ''73923747'')';
  EXECUTE IMMEDIATE 'INSERT INTO A2_Showing VALUES (''183556'', ''Grange Cinema'', 3, ''38874372'')';
  EXECUTE IMMEDIATE 'INSERT INTO A2_Showing VALUES (''183557'', ''Grange Cinema'', 3, ''22093939'')';
  EXECUTE IMMEDIATE 'INSERT INTO A2_Showing VALUES (''183558'', ''Grange Cinema'', 3, ''48950223'')';
  EXECUTE IMMEDIATE 'INSERT INTO A2_Showing VALUES (''183560'', ''Grange Cinema'', 3, ''29333794'')';
  EXECUTE IMMEDIATE 'INSERT INTO A2_Showing VALUES (''183561'', ''Grange Cinema'', 3, ''38874392'')';
  EXECUTE IMMEDIATE 'INSERT INTO A2_Showing VALUES (''183562'', ''Grange Cinema'', 4, ''88594036'')';
  EXECUTE IMMEDIATE 'INSERT INTO A2_Showing VALUES (''183563'', ''Grange Cinema'', 4, ''88854033'')';
  EXECUTE IMMEDIATE 'INSERT INTO A2_Showing VALUES (''183564'', ''Grange Cinema'', 4, ''23683940'')';
  EXECUTE IMMEDIATE 'INSERT INTO A2_Showing VALUES (''183565'', ''Grange Cinema'', 4, ''90436272'')';
                         
  DBMS_OUTPUT.PUT_LINE(' ... A2_Showing');

  EXECUTE IMMEDIATE 'INSERT INTO A2_Performance VALUES (''183476'', TO_DATE (''04/08/2021'', ''DD/MM/YYYY''), TO_DATE ( ''19:15'', ''HH24:MI''), 2650, 230)';
  EXECUTE IMMEDIATE 'INSERT INTO A2_Performance VALUES (''183476'', TO_DATE (''05/08/2021'', ''DD/MM/YYYY''), TO_DATE ( ''19:15'', ''HH24:MI''), 2180, 196)';
  EXECUTE IMMEDIATE 'INSERT INTO A2_Performance VALUES (''183476'', TO_DATE (''06/08/2021'', ''DD/MM/YYYY''), TO_DATE ( ''19:15'', ''HH24:MI''), 1855, 159)';
  EXECUTE IMMEDIATE 'INSERT INTO A2_Performance VALUES (''183476'', TO_DATE (''07/08/2021'', ''DD/MM/YYYY''), TO_DATE ( ''19:15'', ''HH24:MI''), 2230, 198)';
  EXECUTE IMMEDIATE 'INSERT INTO A2_Performance VALUES (''183476'', TO_DATE (''08/08/2021'', ''DD/MM/YYYY''), TO_DATE ( ''19:30'', ''HH24:MI''), 1365, 108)';
  EXECUTE IMMEDIATE 'INSERT INTO A2_Performance VALUES (''183477'', TO_DATE (''15/08/2021'', ''DD/MM/YYYY''), TO_DATE ( ''19:00'', ''HH24:MI''), 2565, 242)';
  EXECUTE IMMEDIATE 'INSERT INTO A2_Performance VALUES (''183477'', TO_DATE (''16/08/2021'', ''DD/MM/YYYY''), TO_DATE ( ''19:00'', ''HH24:MI''), 2460, 201)';
  EXECUTE IMMEDIATE 'INSERT INTO A2_Performance VALUES (''183477'', TO_DATE (''17/08/2021'', ''DD/MM/YYYY''), TO_DATE ( ''19:00'', ''HH24:MI''), 2275, 202)';
  EXECUTE IMMEDIATE 'INSERT INTO A2_Performance VALUES (''183477'', TO_DATE (''18/08/2021'', ''DD/MM/YYYY''), TO_DATE ( ''18:30'', ''HH24:MI''), 1805, 160)';
  EXECUTE IMMEDIATE 'INSERT INTO A2_Performance VALUES (''183477'', TO_DATE (''19/08/2021'', ''DD/MM/YYYY''), TO_DATE ( ''19:00'', ''HH24:MI''), 2005, 191)';
  EXECUTE IMMEDIATE 'INSERT INTO A2_Performance VALUES (''183477'', TO_DATE (''20/08/2021'', ''DD/MM/YYYY''), TO_DATE ( ''19:00'', ''HH24:MI''), 1710, 157)';
  EXECUTE IMMEDIATE 'INSERT INTO A2_Performance VALUES (''183478'', TO_DATE (''03/09/2021'', ''DD/MM/YYYY''), TO_DATE ( ''19:30'', ''HH24:MI''), 2795, 244)';
  EXECUTE IMMEDIATE 'INSERT INTO A2_Performance VALUES (''183478'', TO_DATE (''04/09/2021'', ''DD/MM/YYYY''), TO_DATE ( ''19:45'', ''HH24:MI''), 2680, 234)';
  EXECUTE IMMEDIATE 'INSERT INTO A2_Performance VALUES (''183478'', TO_DATE (''05/09/2021'', ''DD/MM/YYYY''), TO_DATE ( ''19:30'', ''HH24:MI''), 2260, 197)';
  EXECUTE IMMEDIATE 'INSERT INTO A2_Performance VALUES (''183478'', TO_DATE (''06/09/2021'', ''DD/MM/YYYY''), TO_DATE ( ''19:45'', ''HH24:MI''), 1465, 104)';
  EXECUTE IMMEDIATE 'INSERT INTO A2_Performance VALUES (''183478'', TO_DATE (''07/09/2021'', ''DD/MM/YYYY''), TO_DATE ( ''19:30'', ''HH24:MI''), 2350, 203)';
  EXECUTE IMMEDIATE 'INSERT INTO A2_Performance VALUES (''183478'', TO_DATE (''08/09/2021'', ''DD/MM/YYYY''), TO_DATE ( ''19:45'', ''HH24:MI''), 1905, 163)';
  EXECUTE IMMEDIATE 'INSERT INTO A2_Performance VALUES (''183478'', TO_DATE (''09/09/2021'', ''DD/MM/YYYY''), TO_DATE ( ''19:30'', ''HH24:MI''), 1675, 148)';
  EXECUTE IMMEDIATE 'INSERT INTO A2_Performance VALUES (''183478'', TO_DATE (''10/09/2021'', ''DD/MM/YYYY''), TO_DATE ( ''19:00'', ''HH24:MI''), 950, 68)';
  EXECUTE IMMEDIATE 'INSERT INTO A2_Performance VALUES (''183478'', TO_DATE (''11/09/2021'', ''DD/MM/YYYY''), TO_DATE ( ''19:30'', ''HH24:MI''), 2110, 196)';
  EXECUTE IMMEDIATE 'INSERT INTO A2_Performance VALUES (''183479'', TO_DATE (''17/09/2021'', ''DD/MM/YYYY''), TO_DATE ( ''20:30'', ''HH24:MI''), 2460, 208)';
  EXECUTE IMMEDIATE 'INSERT INTO A2_Performance VALUES (''183479'', TO_DATE (''18/09/2021'', ''DD/MM/YYYY''), TO_DATE ( ''20:30'', ''HH24:MI''), 2460, 209)';
  EXECUTE IMMEDIATE 'INSERT INTO A2_Performance VALUES (''183479'', TO_DATE (''19/09/2021'', ''DD/MM/YYYY''), TO_DATE ( ''19:30'', ''HH24:MI''), 1990, 179)';
  EXECUTE IMMEDIATE 'INSERT INTO A2_Performance VALUES (''183479'', TO_DATE (''20/09/2021'', ''DD/MM/YYYY''), TO_DATE ( ''19:30'', ''HH24:MI''), 2240, 202)';
  EXECUTE IMMEDIATE 'INSERT INTO A2_Performance VALUES (''183479'', TO_DATE (''21/09/2021'', ''DD/MM/YYYY''), TO_DATE ( ''19:00'', ''HH24:MI''), 1585, 137)';
  EXECUTE IMMEDIATE 'INSERT INTO A2_Performance VALUES (''183479'', TO_DATE (''22/09/2021'', ''DD/MM/YYYY''), TO_DATE ( ''19:00'', ''HH24:MI''), 1700, 149)';
  EXECUTE IMMEDIATE 'INSERT INTO A2_Performance VALUES (''183480'', TO_DATE (''09/08/2021'', ''DD/MM/YYYY''), TO_DATE ( ''21:00'', ''HH24:MI''), 1390, 108)';
  EXECUTE IMMEDIATE 'INSERT INTO A2_Performance VALUES (''183480'', TO_DATE (''10/08/2021'', ''DD/MM/YYYY''), TO_DATE ( ''21:00'', ''HH24:MI''), 1400, 111)';
  EXECUTE IMMEDIATE 'INSERT INTO A2_Performance VALUES (''183480'', TO_DATE (''11/08/2021'', ''DD/MM/YYYY''), TO_DATE ( ''21:00'', ''HH24:MI''), 1185, 93)';
  EXECUTE IMMEDIATE 'INSERT INTO A2_Performance VALUES (''183480'', TO_DATE (''12/08/2021'', ''DD/MM/YYYY''), TO_DATE ( ''21:00'', ''HH24:MI''), 1005, 82)';
  EXECUTE IMMEDIATE 'INSERT INTO A2_Performance VALUES (''183480'', TO_DATE (''13/08/2021'', ''DD/MM/YYYY''), TO_DATE ( ''21:00'', ''HH24:MI''), 1390, 100)';
  EXECUTE IMMEDIATE 'INSERT INTO A2_Performance VALUES (''183480'', TO_DATE (''14/08/2021'', ''DD/MM/YYYY''), TO_DATE ( ''21:00'', ''HH24:MI''), 885, 65)';
  EXECUTE IMMEDIATE 'INSERT INTO A2_Performance VALUES (''183480'', TO_DATE (''15/08/2021'', ''DD/MM/YYYY''), TO_DATE ( ''21:00'', ''HH24:MI''), 1290, 101)';
  EXECUTE IMMEDIATE 'INSERT INTO A2_Performance VALUES (''183480'', TO_DATE (''16/08/2021'', ''DD/MM/YYYY''), TO_DATE ( ''21:00'', ''HH24:MI''), 1195, 96)';
  EXECUTE IMMEDIATE 'INSERT INTO A2_Performance VALUES (''183481'', TO_DATE (''29/08/2021'', ''DD/MM/YYYY''), TO_DATE ( ''20:00'', ''HH24:MI''), 1000, 83)';
  EXECUTE IMMEDIATE 'INSERT INTO A2_Performance VALUES (''183481'', TO_DATE (''30/08/2021'', ''DD/MM/YYYY''), TO_DATE ( ''20:15'', ''HH24:MI''), 1320, 102)';
  EXECUTE IMMEDIATE 'INSERT INTO A2_Performance VALUES (''183481'', TO_DATE (''31/08/2021'', ''DD/MM/YYYY''), TO_DATE ( ''20:15'', ''HH24:MI''), 1325, 102)';
  EXECUTE IMMEDIATE 'INSERT INTO A2_Performance VALUES (''183481'', TO_DATE (''01/09/2021'', ''DD/MM/YYYY''), TO_DATE ( ''20:15'', ''HH24:MI''), 1390, 107)';
  EXECUTE IMMEDIATE 'INSERT INTO A2_Performance VALUES (''183481'', TO_DATE (''02/09/2021'', ''DD/MM/YYYY''), TO_DATE ( ''20:15'', ''HH24:MI''), 1300, 98)';
  EXECUTE IMMEDIATE 'INSERT INTO A2_Performance VALUES (''183481'', TO_DATE (''03/09/2021'', ''DD/MM/YYYY''), TO_DATE ( ''20:00'', ''HH24:MI''), 780, 59)';
  EXECUTE IMMEDIATE 'INSERT INTO A2_Performance VALUES (''183481'', TO_DATE (''04/09/2021'', ''DD/MM/YYYY''), TO_DATE ( ''20:15'', ''HH24:MI''), 965, 80)';
  EXECUTE IMMEDIATE 'INSERT INTO A2_Performance VALUES (''183482'', TO_DATE (''02/08/2021'', ''DD/MM/YYYY''), TO_DATE ( ''19:30'', ''HH24:MI''), 2482, 186)';
  EXECUTE IMMEDIATE 'INSERT INTO A2_Performance VALUES (''183482'', TO_DATE (''03/08/2021'', ''DD/MM/YYYY''), TO_DATE ( ''19:30'', ''HH24:MI''), 2416, 181)';
  EXECUTE IMMEDIATE 'INSERT INTO A2_Performance VALUES (''183482'', TO_DATE (''04/08/2021'', ''DD/MM/YYYY''), TO_DATE ( ''19:45'', ''HH24:MI''), 2286, 176)';
  EXECUTE IMMEDIATE 'INSERT INTO A2_Performance VALUES (''183482'', TO_DATE (''05/08/2021'', ''DD/MM/YYYY''), TO_DATE ( ''19:15'', ''HH24:MI''), 2304, 182)';
  EXECUTE IMMEDIATE 'INSERT INTO A2_Performance VALUES (''183482'', TO_DATE (''07/08/2021'', ''DD/MM/YYYY''), TO_DATE ( ''19:15'', ''HH24:MI''), 1863, 158)';
  EXECUTE IMMEDIATE 'INSERT INTO A2_Performance VALUES (''183482'', TO_DATE (''08/08/2021'', ''DD/MM/YYYY''), TO_DATE ( ''20:30'', ''HH24:MI''), 1991, 167)';
  EXECUTE IMMEDIATE 'INSERT INTO A2_Performance VALUES (''183483'', TO_DATE (''13/08/2021'', ''DD/MM/YYYY''), TO_DATE ( ''19:45'', ''HH24:MI''), 1802, 152)';
  EXECUTE IMMEDIATE 'INSERT INTO A2_Performance VALUES (''183483'', TO_DATE (''14/08/2021'', ''DD/MM/YYYY''), TO_DATE ( ''19:50'', ''HH24:MI''), 1872, 168)';
  EXECUTE IMMEDIATE 'INSERT INTO A2_Performance VALUES (''183483'', TO_DATE (''15/08/2021'', ''DD/MM/YYYY''), TO_DATE ( ''19:30'', ''HH24:MI''), 1639, 143)';
  EXECUTE IMMEDIATE 'INSERT INTO A2_Performance VALUES (''183483'', TO_DATE (''16/08/2021'', ''DD/MM/YYYY''), TO_DATE ( ''19:30'', ''HH24:MI''), 1601, 137)';
  EXECUTE IMMEDIATE 'INSERT INTO A2_Performance VALUES (''183483'', TO_DATE (''17/08/2021'', ''DD/MM/YYYY''), TO_DATE ( ''19:45'', ''HH24:MI''), 1640, 141)';  
  EXECUTE IMMEDIATE 'INSERT INTO A2_Performance VALUES (''183484'', TO_DATE (''23/08/2021'', ''DD/MM/YYYY''), TO_DATE ( ''20:00'', ''HH24:MI''), 2502, 183)';
  EXECUTE IMMEDIATE 'INSERT INTO A2_Performance VALUES (''183484'', TO_DATE (''24/08/2021'', ''DD/MM/YYYY''), TO_DATE ( ''20:15'', ''HH24:MI''), 1276, 103)';
  EXECUTE IMMEDIATE 'INSERT INTO A2_Performance VALUES (''183484'', TO_DATE (''25/08/2021'', ''DD/MM/YYYY''), TO_DATE ( ''20:00'', ''HH24:MI''), 2478, 181)';
  EXECUTE IMMEDIATE 'INSERT INTO A2_Performance VALUES (''183484'', TO_DATE (''26/08/2021'', ''DD/MM/YYYY''), TO_DATE ( ''20:00'', ''HH24:MI''), 1980, 165)';
  EXECUTE IMMEDIATE 'INSERT INTO A2_Performance VALUES (''183484'', TO_DATE (''28/08/2021'', ''DD/MM/YYYY''), TO_DATE ( ''19:45'', ''HH24:MI''), 1545, 132)';
  EXECUTE IMMEDIATE 'INSERT INTO A2_Performance VALUES (''183484'', TO_DATE (''29/08/2021'', ''DD/MM/YYYY''), TO_DATE ( ''20:00'', ''HH24:MI''), 2287, 178)';
  EXECUTE IMMEDIATE 'INSERT INTO A2_Performance VALUES (''183485'', TO_DATE (''06/09/2021'', ''DD/MM/YYYY''), TO_DATE ( ''21:00'', ''HH24:MI''), 2001, 167)';
  EXECUTE IMMEDIATE 'INSERT INTO A2_Performance VALUES (''183485'', TO_DATE (''07/09/2021'', ''DD/MM/YYYY''), TO_DATE ( ''20:45'', ''HH24:MI''), 1835, 166)';
  EXECUTE IMMEDIATE 'INSERT INTO A2_Performance VALUES (''183485'', TO_DATE (''08/09/2021'', ''DD/MM/YYYY''), TO_DATE ( ''20:45'', ''HH24:MI''), 1642, 142)';
  EXECUTE IMMEDIATE 'INSERT INTO A2_Performance VALUES (''183485'', TO_DATE (''09/09/2021'', ''DD/MM/YYYY''), TO_DATE ( ''20:45'', ''HH24:MI''), 2497, 186)';
  EXECUTE IMMEDIATE 'INSERT INTO A2_Performance VALUES (''183485'', TO_DATE (''10/09/2021'', ''DD/MM/YYYY''), TO_DATE ( ''21:00'', ''HH24:MI''), 2300, 178)';
  EXECUTE IMMEDIATE 'INSERT INTO A2_Performance VALUES (''183486'', TO_DATE (''11/09/2021'', ''DD/MM/YYYY''), TO_DATE ( ''19:30'', ''HH24:MI''), 1490, 125)';
  EXECUTE IMMEDIATE 'INSERT INTO A2_Performance VALUES (''183486'', TO_DATE (''12/09/2021'', ''DD/MM/YYYY''), TO_DATE ( ''19:30'', ''HH24:MI''), 1498, 128)';
  EXECUTE IMMEDIATE 'INSERT INTO A2_Performance VALUES (''183486'', TO_DATE (''13/09/2021'', ''DD/MM/YYYY''), TO_DATE ( ''19:15'', ''HH24:MI''), 1800, 149)';
  EXECUTE IMMEDIATE 'INSERT INTO A2_Performance VALUES (''183486'', TO_DATE (''14/09/2021'', ''DD/MM/YYYY''), TO_DATE ( ''19:45'', ''HH24:MI''), 1888, 162)';
  EXECUTE IMMEDIATE 'INSERT INTO A2_Performance VALUES (''183486'', TO_DATE (''15/09/2021'', ''DD/MM/YYYY''), TO_DATE ( ''20:00'', ''HH24:MI''), 2595, 190)';
  EXECUTE IMMEDIATE 'INSERT INTO A2_Performance VALUES (''183486'', TO_DATE (''16/09/2021'', ''DD/MM/YYYY''), TO_DATE ( ''20:00'', ''HH24:MI''), 2477, 185)';
  EXECUTE IMMEDIATE 'INSERT INTO A2_Performance VALUES (''183486'', TO_DATE (''19/09/2021'', ''DD/MM/YYYY''), TO_DATE ( ''19:45'', ''HH24:MI''), 1332, 108)';
  EXECUTE IMMEDIATE 'INSERT INTO A2_Performance VALUES (''183487'', TO_DATE (''20/09/2021'', ''DD/MM/YYYY''), TO_DATE ( ''19:45'', ''HH24:MI''), 1706, 148)';
  EXECUTE IMMEDIATE 'INSERT INTO A2_Performance VALUES (''183487'', TO_DATE (''21/09/2021'', ''DD/MM/YYYY''), TO_DATE ( ''19:30'', ''HH24:MI''), 1323, 111)';
  EXECUTE IMMEDIATE 'INSERT INTO A2_Performance VALUES (''183487'', TO_DATE (''22/09/2021'', ''DD/MM/YYYY''), TO_DATE ( ''19:15'', ''HH24:MI''), 1877, 159)';
  EXECUTE IMMEDIATE 'INSERT INTO A2_Performance VALUES (''183487'', TO_DATE (''23/09/2021'', ''DD/MM/YYYY''), TO_DATE ( ''19:45'', ''HH24:MI''), 2445, 180)';
  EXECUTE IMMEDIATE 'INSERT INTO A2_Performance VALUES (''183487'', TO_DATE (''24/09/2021'', ''DD/MM/YYYY''), TO_DATE ( ''19:15'', ''HH24:MI''), 2486, 180)';
  EXECUTE IMMEDIATE 'INSERT INTO A2_Performance VALUES (''183487'', TO_DATE (''25/09/2021'', ''DD/MM/YYYY''), TO_DATE ( ''20:00'', ''HH24:MI''), 2111, 173)';
  EXECUTE IMMEDIATE 'INSERT INTO A2_Performance VALUES (''183487'', TO_DATE (''26/09/2021'', ''DD/MM/YYYY''), TO_DATE ( ''19:45'', ''HH24:MI''), 2478, 185)';
  EXECUTE IMMEDIATE 'INSERT INTO A2_Performance VALUES (''183487'', TO_DATE (''27/09/2021'', ''DD/MM/YYYY''), TO_DATE ( ''19:45'', ''HH24:MI''), 1901, 166)';
  EXECUTE IMMEDIATE 'INSERT INTO A2_Performance VALUES (''183487'', TO_DATE (''28/09/2021'', ''DD/MM/YYYY''), TO_DATE ( ''19:30'', ''HH24:MI''), 2492, 188)';
  EXECUTE IMMEDIATE 'INSERT INTO A2_Performance VALUES (''183488'', TO_DATE (''09/08/2021'', ''DD/MM/YYYY''), TO_DATE ( ''19:30'', ''HH24:MI''), 1176, 88)';
  EXECUTE IMMEDIATE 'INSERT INTO A2_Performance VALUES (''183488'', TO_DATE (''10/08/2021'', ''DD/MM/YYYY''), TO_DATE ( ''19:15'', ''HH24:MI''), 1203, 91)';
  EXECUTE IMMEDIATE 'INSERT INTO A2_Performance VALUES (''183488'', TO_DATE (''11/08/2021'', ''DD/MM/YYYY''), TO_DATE ( ''19:45'', ''HH24:MI''), 1111, 87)';
  EXECUTE IMMEDIATE 'INSERT INTO A2_Performance VALUES (''183488'', TO_DATE (''12/08/2021'', ''DD/MM/YYYY''), TO_DATE ( ''19:30'', ''HH24:MI''), 945, 75)';
  EXECUTE IMMEDIATE 'INSERT INTO A2_Performance VALUES (''183488'', TO_DATE (''13/08/2021'', ''DD/MM/YYYY''), TO_DATE ( ''19:30'', ''HH24:MI''), 992, 76)';
  EXECUTE IMMEDIATE 'INSERT INTO A2_Performance VALUES (''183488'', TO_DATE (''20/08/2021'', ''DD/MM/YYYY''), TO_DATE ( ''18:30'', ''HH24:MI''), 1015, 80)';
  EXECUTE IMMEDIATE 'INSERT INTO A2_Performance VALUES (''183488'', TO_DATE (''21/08/2021'', ''DD/MM/YYYY''), TO_DATE ( ''18:45'', ''HH24:MI''), 1065, 82)';
  EXECUTE IMMEDIATE 'INSERT INTO A2_Performance VALUES (''183488'', TO_DATE (''22/08/2021'', ''DD/MM/YYYY''), TO_DATE ( ''20:00'', ''HH24:MI''), 923, 66)';
  EXECUTE IMMEDIATE 'INSERT INTO A2_Performance VALUES (''183488'', TO_DATE (''23/08/2021'', ''DD/MM/YYYY''), TO_DATE ( ''20:00'', ''HH24:MI''), 1287, 93)';
  EXECUTE IMMEDIATE 'INSERT INTO A2_Performance VALUES (''183489'', TO_DATE (''26/08/2021'', ''DD/MM/YYYY''), TO_DATE ( ''20:00'', ''HH24:MI''), 1254, 91)';
  EXECUTE IMMEDIATE 'INSERT INTO A2_Performance VALUES (''183489'', TO_DATE (''27/08/2021'', ''DD/MM/YYYY''), TO_DATE ( ''20:15'', ''HH24:MI''), 524, 42)';
  EXECUTE IMMEDIATE 'INSERT INTO A2_Performance VALUES (''183489'', TO_DATE (''28/08/2021'', ''DD/MM/YYYY''), TO_DATE ( ''20:30'', ''HH24:MI''), 653, 52)';
  EXECUTE IMMEDIATE 'INSERT INTO A2_Performance VALUES (''183489'', TO_DATE (''29/08/2021'', ''DD/MM/YYYY''), TO_DATE ( ''20:00'', ''HH24:MI''), 971, 69)';
  EXECUTE IMMEDIATE 'INSERT INTO A2_Performance VALUES (''183489'', TO_DATE (''30/08/2021'', ''DD/MM/YYYY''), TO_DATE ( ''20:30'', ''HH24:MI''), 1153, 88)';
  EXECUTE IMMEDIATE 'INSERT INTO A2_Performance VALUES (''183490'', TO_DATE (''04/09/2021'', ''DD/MM/YYYY''), TO_DATE ( ''19:30'', ''HH24:MI''), 1054, 78)';
  EXECUTE IMMEDIATE 'INSERT INTO A2_Performance VALUES (''183490'', TO_DATE (''05/09/2021'', ''DD/MM/YYYY''), TO_DATE ( ''19:45'', ''HH24:MI''), 1132, 86)';
  EXECUTE IMMEDIATE 'INSERT INTO A2_Performance VALUES (''183490'', TO_DATE (''06/09/2021'', ''DD/MM/YYYY''), TO_DATE ( ''19:30'', ''HH24:MI''), 1000, 71)';
  EXECUTE IMMEDIATE 'INSERT INTO A2_Performance VALUES (''183490'', TO_DATE (''08/09/2021'', ''DD/MM/YYYY''), TO_DATE ( ''19:30'', ''HH24:MI''), 967, 74)';
  EXECUTE IMMEDIATE 'INSERT INTO A2_Performance VALUES (''183490'', TO_DATE (''09/09/2021'', ''DD/MM/YYYY''), TO_DATE ( ''19:30'', ''HH24:MI''), 1063, 83)';
  EXECUTE IMMEDIATE 'INSERT INTO A2_Performance VALUES (''183491'', TO_DATE (''12/09/2021'', ''DD/MM/YYYY''), TO_DATE ( ''20:15'', ''HH24:MI''), 958, 68)';
  EXECUTE IMMEDIATE 'INSERT INTO A2_Performance VALUES (''183491'', TO_DATE (''13/09/2021'', ''DD/MM/YYYY''), TO_DATE ( ''20:15'', ''HH24:MI''), 1003, 72)';
  EXECUTE IMMEDIATE 'INSERT INTO A2_Performance VALUES (''183491'', TO_DATE (''14/09/2021'', ''DD/MM/YYYY''), TO_DATE ( ''20:15'', ''HH24:MI''), 728, 59)';
  EXECUTE IMMEDIATE 'INSERT INTO A2_Performance VALUES (''183491'', TO_DATE (''15/09/2021'', ''DD/MM/YYYY''), TO_DATE ( ''20:15'', ''HH24:MI''), 893, 63)';
  EXECUTE IMMEDIATE 'INSERT INTO A2_Performance VALUES (''183491'', TO_DATE (''16/09/2021'', ''DD/MM/YYYY''), TO_DATE ( ''20:15'', ''HH24:MI''), 894, 62)';
  EXECUTE IMMEDIATE 'INSERT INTO A2_Performance VALUES (''183492'', TO_DATE (''07/08/2021'', ''DD/MM/YYYY''), TO_DATE ( ''19:30'', ''HH24:MI''), 652, 33)';
  EXECUTE IMMEDIATE 'INSERT INTO A2_Performance VALUES (''183492'', TO_DATE (''08/08/2021'', ''DD/MM/YYYY''), TO_DATE ( ''19:15'', ''HH24:MI''), 650, 32)';
  EXECUTE IMMEDIATE 'INSERT INTO A2_Performance VALUES (''183492'', TO_DATE (''09/08/2021'', ''DD/MM/YYYY''), TO_DATE ( ''19:15'', ''HH24:MI''), 728, 37)';
  EXECUTE IMMEDIATE 'INSERT INTO A2_Performance VALUES (''183492'', TO_DATE (''11/08/2021'', ''DD/MM/YYYY''), TO_DATE ( ''19:45'', ''HH24:MI''), 807, 40)';
  EXECUTE IMMEDIATE 'INSERT INTO A2_Performance VALUES (''183492'', TO_DATE (''12/08/2021'', ''DD/MM/YYYY''), TO_DATE ( ''19:30'', ''HH24:MI''), 774, 38)';
  EXECUTE IMMEDIATE 'INSERT INTO A2_Performance VALUES (''183492'', TO_DATE (''13/08/2021'', ''DD/MM/YYYY''), TO_DATE ( ''19:30'', ''HH24:MI''), 693, 31)';
  EXECUTE IMMEDIATE 'INSERT INTO A2_Performance VALUES (''183493'', TO_DATE (''14/08/2021'', ''DD/MM/YYYY''), TO_DATE ( ''19:15'', ''HH24:MI''), 667, 33)';
  EXECUTE IMMEDIATE 'INSERT INTO A2_Performance VALUES (''183493'', TO_DATE (''15/08/2021'', ''DD/MM/YYYY''), TO_DATE ( ''19:30'', ''HH24:MI''), 659, 34)';
  EXECUTE IMMEDIATE 'INSERT INTO A2_Performance VALUES (''183493'', TO_DATE (''16/08/2021'', ''DD/MM/YYYY''), TO_DATE ( ''19:15'', ''HH24:MI''), 627, 28)';
  EXECUTE IMMEDIATE 'INSERT INTO A2_Performance VALUES (''183493'', TO_DATE (''17/08/2021'', ''DD/MM/YYYY''), TO_DATE ( ''19:15'', ''HH24:MI''), 336, 16)';
  EXECUTE IMMEDIATE 'INSERT INTO A2_Performance VALUES (''183493'', TO_DATE (''18/08/2021'', ''DD/MM/YYYY''), TO_DATE ( ''19:00'', ''HH24:MI''), 611, 29)';
  EXECUTE IMMEDIATE 'INSERT INTO A2_Performance VALUES (''183494'', TO_DATE (''21/08/2021'', ''DD/MM/YYYY''), TO_DATE ( ''19:30'', ''HH24:MI''), 682, 33)';
  EXECUTE IMMEDIATE 'INSERT INTO A2_Performance VALUES (''183494'', TO_DATE (''22/08/2021'', ''DD/MM/YYYY''), TO_DATE ( ''19:30'', ''HH24:MI''), 790, 37)';
  EXECUTE IMMEDIATE 'INSERT INTO A2_Performance VALUES (''183494'', TO_DATE (''23/08/2021'', ''DD/MM/YYYY''), TO_DATE ( ''19:30'', ''HH24:MI''), 817, 40)';
  EXECUTE IMMEDIATE 'INSERT INTO A2_Performance VALUES (''183494'', TO_DATE (''24/08/2021'', ''DD/MM/YYYY''), TO_DATE ( ''19:15'', ''HH24:MI''), 831, 40)';
  EXECUTE IMMEDIATE 'INSERT INTO A2_Performance VALUES (''183494'', TO_DATE (''25/08/2021'', ''DD/MM/YYYY''), TO_DATE ( ''19:30'', ''HH24:MI''), 834, 40)';
  EXECUTE IMMEDIATE 'INSERT INTO A2_Performance VALUES (''183495'', TO_DATE (''28/08/2021'', ''DD/MM/YYYY''), TO_DATE ( ''19:45'', ''HH24:MI''), 775, 36)';
  EXECUTE IMMEDIATE 'INSERT INTO A2_Performance VALUES (''183495'', TO_DATE (''29/08/2021'', ''DD/MM/YYYY''), TO_DATE ( ''19:30'', ''HH24:MI''), 779, 37)';
  EXECUTE IMMEDIATE 'INSERT INTO A2_Performance VALUES (''183495'', TO_DATE (''30/08/2021'', ''DD/MM/YYYY''), TO_DATE ( ''19:45'', ''HH24:MI''), 791, 38)';
  EXECUTE IMMEDIATE 'INSERT INTO A2_Performance VALUES (''183495'', TO_DATE (''31/08/2021'', ''DD/MM/YYYY''), TO_DATE ( ''19:45'', ''HH24:MI''), 699, 31)';
  EXECUTE IMMEDIATE 'INSERT INTO A2_Performance VALUES (''183495'', TO_DATE (''01/09/2021'', ''DD/MM/YYYY''), TO_DATE ( ''19:30'', ''HH24:MI''), 793, 40)';
  EXECUTE IMMEDIATE 'INSERT INTO A2_Performance VALUES (''183495'', TO_DATE (''02/09/2021'', ''DD/MM/YYYY''), TO_DATE ( ''19:30'', ''HH24:MI''), 698, 32)';
  EXECUTE IMMEDIATE 'INSERT INTO A2_Performance VALUES (''183496'', TO_DATE (''01/08/2021'', ''DD/MM/YYYY''), TO_DATE ( ''22:00'', ''HH24:MI''), 2103, 167)';
  EXECUTE IMMEDIATE 'INSERT INTO A2_Performance VALUES (''183496'', TO_DATE (''02/08/2021'', ''DD/MM/YYYY''), TO_DATE ( ''22:00'', ''HH24:MI''), 2201, 175)';
  EXECUTE IMMEDIATE 'INSERT INTO A2_Performance VALUES (''183496'', TO_DATE (''03/08/2021'', ''DD/MM/YYYY''), TO_DATE ( ''22:00'', ''HH24:MI''), 2184, 172)';
  EXECUTE IMMEDIATE 'INSERT INTO A2_Performance VALUES (''183497'', TO_DATE (''07/08/2021'', ''DD/MM/YYYY''), TO_DATE ( ''22:00'', ''HH24:MI''), 2122, 171)';
  EXECUTE IMMEDIATE 'INSERT INTO A2_Performance VALUES (''183497'', TO_DATE (''08/08/2021'', ''DD/MM/YYYY''), TO_DATE ( ''22:30'', ''HH24:MI''), 2113, 168)';
  EXECUTE IMMEDIATE 'INSERT INTO A2_Performance VALUES (''183497'', TO_DATE (''09/08/2021'', ''DD/MM/YYYY''), TO_DATE ( ''22:00'', ''HH24:MI''), 2004, 159)';
  EXECUTE IMMEDIATE 'INSERT INTO A2_Performance VALUES (''183497'', TO_DATE (''10/08/2021'', ''DD/MM/YYYY''), TO_DATE ( ''22:00'', ''HH24:MI''), 2302, 180)';
  EXECUTE IMMEDIATE 'INSERT INTO A2_Performance VALUES (''183498'', TO_DATE (''14/08/2021'', ''DD/MM/YYYY''), TO_DATE ( ''22:30'', ''HH24:MI''), 2224, 178)';
  EXECUTE IMMEDIATE 'INSERT INTO A2_Performance VALUES (''183498'', TO_DATE (''15/08/2021'', ''DD/MM/YYYY''), TO_DATE ( ''22:30'', ''HH24:MI''), 2395, 180)';
  EXECUTE IMMEDIATE 'INSERT INTO A2_Performance VALUES (''183498'', TO_DATE (''16/08/2021'', ''DD/MM/YYYY''), TO_DATE ( ''22:30'', ''HH24:MI''), 2112, 168)';
  EXECUTE IMMEDIATE 'INSERT INTO A2_Performance VALUES (''183498'', TO_DATE (''17/08/2021'', ''DD/MM/YYYY''), TO_DATE ( ''22:00'', ''HH24:MI''), 2158, 171)';
  EXECUTE IMMEDIATE 'INSERT INTO A2_Performance VALUES (''183499'', TO_DATE (''20/08/2021'', ''DD/MM/YYYY''), TO_DATE ( ''22:00'', ''HH24:MI''), 2378, 180)';
  EXECUTE IMMEDIATE 'INSERT INTO A2_Performance VALUES (''183499'', TO_DATE (''21/08/2021'', ''DD/MM/YYYY''), TO_DATE ( ''22:15'', ''HH24:MI''), 2390, 180)';
  EXECUTE IMMEDIATE 'INSERT INTO A2_Performance VALUES (''183499'', TO_DATE (''22/08/2021'', ''DD/MM/YYYY''), TO_DATE ( ''22:00'', ''HH24:MI''), 2390, 180)';
  EXECUTE IMMEDIATE 'INSERT INTO A2_Performance VALUES (''183500'', TO_DATE (''26/08/2021'', ''DD/MM/YYYY''), TO_DATE ( ''21:45'', ''HH24:MI''), 2125, 170)';
  EXECUTE IMMEDIATE 'INSERT INTO A2_Performance VALUES (''183500'', TO_DATE (''27/08/2021'', ''DD/MM/YYYY''), TO_DATE ( ''22:00'', ''HH24:MI''), 2094, 165)';
  EXECUTE IMMEDIATE 'INSERT INTO A2_Performance VALUES (''183500'', TO_DATE (''28/08/2021'', ''DD/MM/YYYY''), TO_DATE ( ''21:45'', ''HH24:MI''), 2157, 171)';
  EXECUTE IMMEDIATE 'INSERT INTO A2_Performance VALUES (''183500'', TO_DATE (''29/08/2021'', ''DD/MM/YYYY''), TO_DATE ( ''22:00'', ''HH24:MI''), 1993, 156)';
  EXECUTE IMMEDIATE 'INSERT INTO A2_Performance VALUES (''183501'', TO_DATE (''31/08/2021'', ''DD/MM/YYYY''), TO_DATE ( ''21:00'', ''HH24:MI''), 2199, 173)';
  EXECUTE IMMEDIATE 'INSERT INTO A2_Performance VALUES (''183501'', TO_DATE (''01/09/2021'', ''DD/MM/YYYY''), TO_DATE ( ''21:00'', ''HH24:MI''), 2198, 175)';
  EXECUTE IMMEDIATE 'INSERT INTO A2_Performance VALUES (''183501'', TO_DATE (''02/09/2021'', ''DD/MM/YYYY''), TO_DATE ( ''21:15'', ''HH24:MI''), 2000, 162)';
  EXECUTE IMMEDIATE 'INSERT INTO A2_Performance VALUES (''183501'', TO_DATE (''03/09/2021'', ''DD/MM/YYYY''), TO_DATE ( ''21:00'', ''HH24:MI''), 2347, 180)';
  EXECUTE IMMEDIATE 'INSERT INTO A2_Performance VALUES (''183502'', TO_DATE (''08/09/2021'', ''DD/MM/YYYY''), TO_DATE ( ''21:00'', ''HH24:MI''), 2202, 176)';
  EXECUTE IMMEDIATE 'INSERT INTO A2_Performance VALUES (''183502'', TO_DATE (''09/09/2021'', ''DD/MM/YYYY''), TO_DATE ( ''21:00'', ''HH24:MI''), 1853, 141)';
  EXECUTE IMMEDIATE 'INSERT INTO A2_Performance VALUES (''183502'', TO_DATE (''10/09/2021'', ''DD/MM/YYYY''), TO_DATE ( ''21:00'', ''HH24:MI''), 1872, 145)';
  EXECUTE IMMEDIATE 'INSERT INTO A2_Performance VALUES (''183503'', TO_DATE (''10/08/2021'', ''DD/MM/YYYY''), TO_DATE ( ''21:00'', ''HH24:MI''), 2332, 179)';
  EXECUTE IMMEDIATE 'INSERT INTO A2_Performance VALUES (''183503'', TO_DATE (''11/08/2021'', ''DD/MM/YYYY''), TO_DATE ( ''21:00'', ''HH24:MI''), 2284, 176)';
  EXECUTE IMMEDIATE 'INSERT INTO A2_Performance VALUES (''183503'', TO_DATE (''12/08/2021'', ''DD/MM/YYYY''), TO_DATE ( ''21:00'', ''HH24:MI''), 2424, 180)';
  EXECUTE IMMEDIATE 'INSERT INTO A2_Performance VALUES (''183503'', TO_DATE (''13/08/2021'', ''DD/MM/YYYY''), TO_DATE ( ''21:00'', ''HH24:MI''), 2148, 171)';
  EXECUTE IMMEDIATE 'INSERT INTO A2_Performance VALUES (''183504'', TO_DATE (''15/08/2021'', ''DD/MM/YYYY''), TO_DATE ( ''21:00'', ''HH24:MI''), 2084, 171)';
  EXECUTE IMMEDIATE 'INSERT INTO A2_Performance VALUES (''183504'', TO_DATE (''16/08/2021'', ''DD/MM/YYYY''), TO_DATE ( ''21:00'', ''HH24:MI''), 1885, 143)';
  EXECUTE IMMEDIATE 'INSERT INTO A2_Performance VALUES (''183504'', TO_DATE (''18/08/2021'', ''DD/MM/YYYY''), TO_DATE ( ''21:00'', ''HH24:MI''), 1683, 127)';
  EXECUTE IMMEDIATE 'INSERT INTO A2_Performance VALUES (''183504'', TO_DATE (''19/08/2021'', ''DD/MM/YYYY''), TO_DATE ( ''21:00'', ''HH24:MI''), 1696, 132)';
  EXECUTE IMMEDIATE 'INSERT INTO A2_Performance VALUES (''183505'', TO_DATE (''25/08/2021'', ''DD/MM/YYYY''), TO_DATE ( ''21:00'', ''HH24:MI''), 2376, 180)';
  EXECUTE IMMEDIATE 'INSERT INTO A2_Performance VALUES (''183505'', TO_DATE (''26/08/2021'', ''DD/MM/YYYY''), TO_DATE ( ''21:00'', ''HH24:MI''), 2085, 168)';
  EXECUTE IMMEDIATE 'INSERT INTO A2_Performance VALUES (''183505'', TO_DATE (''27/08/2021'', ''DD/MM/YYYY''), TO_DATE ( ''21:00'', ''HH24:MI''), 2167, 171)';
  EXECUTE IMMEDIATE 'INSERT INTO A2_Performance VALUES (''183506'', TO_DATE (''02/09/2021'', ''DD/MM/YYYY''), TO_DATE ( ''21:30'', ''HH24:MI''), 2306, 179)';
  EXECUTE IMMEDIATE 'INSERT INTO A2_Performance VALUES (''183506'', TO_DATE (''03/09/2021'', ''DD/MM/YYYY''), TO_DATE ( ''21:30'', ''HH24:MI''), 2138, 171)';
  EXECUTE IMMEDIATE 'INSERT INTO A2_Performance VALUES (''183506'', TO_DATE (''04/09/2021'', ''DD/MM/YYYY''), TO_DATE ( ''21:30'', ''HH24:MI''), 2196, 174)';
  EXECUTE IMMEDIATE 'INSERT INTO A2_Performance VALUES (''183506'', TO_DATE (''05/09/2021'', ''DD/MM/YYYY''), TO_DATE ( ''21:30'', ''HH24:MI''), 2079, 165)';
  EXECUTE IMMEDIATE 'INSERT INTO A2_Performance VALUES (''183507'', TO_DATE (''05/08/2021'', ''DD/MM/YYYY''), TO_DATE ( ''20:30'', ''HH24:MI''), 2086, 172)';
  EXECUTE IMMEDIATE 'INSERT INTO A2_Performance VALUES (''183507'', TO_DATE (''06/08/2021'', ''DD/MM/YYYY''), TO_DATE ( ''20:15'', ''HH24:MI''), 2308, 190)';
  EXECUTE IMMEDIATE 'INSERT INTO A2_Performance VALUES (''183507'', TO_DATE (''07/08/2021'', ''DD/MM/YYYY''), TO_DATE ( ''20:30'', ''HH24:MI''), 1993, 167)';
  EXECUTE IMMEDIATE 'INSERT INTO A2_Performance VALUES (''183507'', TO_DATE (''08/08/2021'', ''DD/MM/YYYY''), TO_DATE ( ''20:45'', ''HH24:MI''), 1829, 156)';
  EXECUTE IMMEDIATE 'INSERT INTO A2_Performance VALUES (''183507'', TO_DATE (''10/08/2021'', ''DD/MM/YYYY''), TO_DATE ( ''20:30'', ''HH24:MI''), 2310, 189)';
  EXECUTE IMMEDIATE 'INSERT INTO A2_Performance VALUES (''183507'', TO_DATE (''11/08/2021'', ''DD/MM/YYYY''), TO_DATE ( ''20:30'', ''HH24:MI''), 2005, 172)';
  EXECUTE IMMEDIATE 'INSERT INTO A2_Performance VALUES (''183508'', TO_DATE (''15/08/2021'', ''DD/MM/YYYY''), TO_DATE ( ''20:00'', ''HH24:MI''), 2084, 176)';
  EXECUTE IMMEDIATE 'INSERT INTO A2_Performance VALUES (''183508'', TO_DATE (''16/08/2021'', ''DD/MM/YYYY''), TO_DATE ( ''20:00'', ''HH24:MI''), 2129, 176)';
  EXECUTE IMMEDIATE 'INSERT INTO A2_Performance VALUES (''183508'', TO_DATE (''17/08/2021'', ''DD/MM/YYYY''), TO_DATE ( ''20:00'', ''HH24:MI''), 1953, 165)';
  EXECUTE IMMEDIATE 'INSERT INTO A2_Performance VALUES (''183508'', TO_DATE (''19/08/2021'', ''DD/MM/YYYY''), TO_DATE ( ''20:00'', ''HH24:MI''), 1946, 165)';
  EXECUTE IMMEDIATE 'INSERT INTO A2_Performance VALUES (''183508'', TO_DATE (''20/08/2021'', ''DD/MM/YYYY''), TO_DATE ( ''20:00'', ''HH24:MI''), 2134, 184)';
  EXECUTE IMMEDIATE 'INSERT INTO A2_Performance VALUES (''183508'', TO_DATE (''21/08/2021'', ''DD/MM/YYYY''), TO_DATE ( ''20:00'', ''HH24:MI''), 2201, 188)';
  EXECUTE IMMEDIATE 'INSERT INTO A2_Performance VALUES (''183509'', TO_DATE (''29/08/2021'', ''DD/MM/YYYY''), TO_DATE ( ''20:00'', ''HH24:MI''), 2074, 176)';
  EXECUTE IMMEDIATE 'INSERT INTO A2_Performance VALUES (''183509'', TO_DATE (''30/08/2021'', ''DD/MM/YYYY''), TO_DATE ( ''19:45'', ''HH24:MI''), 2175, 182)';
  EXECUTE IMMEDIATE 'INSERT INTO A2_Performance VALUES (''183509'', TO_DATE (''31/08/2021'', ''DD/MM/YYYY''), TO_DATE ( ''19:45'', ''HH24:MI''), 2182, 181)';
  EXECUTE IMMEDIATE 'INSERT INTO A2_Performance VALUES (''183509'', TO_DATE (''01/09/2021'', ''DD/MM/YYYY''), TO_DATE ( ''20:00'', ''HH24:MI''), 1937, 163)';
  EXECUTE IMMEDIATE 'INSERT INTO A2_Performance VALUES (''183509'', TO_DATE (''02/09/2021'', ''DD/MM/YYYY''), TO_DATE ( ''19:45'', ''HH24:MI''), 1787, 151)';
  EXECUTE IMMEDIATE 'INSERT INTO A2_Performance VALUES (''183509'', TO_DATE (''03/09/2021'', ''DD/MM/YYYY''), TO_DATE ( ''20:00'', ''HH24:MI''), 1672, 145)';
  EXECUTE IMMEDIATE 'INSERT INTO A2_Performance VALUES (''183509'', TO_DATE (''04/09/2021'', ''DD/MM/YYYY''), TO_DATE ( ''20:30'', ''HH24:MI''), 1979, 170)';
  EXECUTE IMMEDIATE 'INSERT INTO A2_Performance VALUES (''183510'', TO_DATE (''06/09/2021'', ''DD/MM/YYYY''), TO_DATE ( ''20:15'', ''HH24:MI''), 1933, 164)';
  EXECUTE IMMEDIATE 'INSERT INTO A2_Performance VALUES (''183510'', TO_DATE (''07/09/2021'', ''DD/MM/YYYY''), TO_DATE ( ''20:15'', ''HH24:MI''), 2016, 175)';
  EXECUTE IMMEDIATE 'INSERT INTO A2_Performance VALUES (''183510'', TO_DATE (''08/09/2021'', ''DD/MM/YYYY''), TO_DATE ( ''20:15'', ''HH24:MI''), 2051, 175)';
  EXECUTE IMMEDIATE 'INSERT INTO A2_Performance VALUES (''183510'', TO_DATE (''09/09/2021'', ''DD/MM/YYYY''), TO_DATE ( ''20:15'', ''HH24:MI''), 2212, 188)';
  EXECUTE IMMEDIATE 'INSERT INTO A2_Performance VALUES (''183511'', TO_DATE (''15/08/2021'', ''DD/MM/YYYY''), TO_DATE ( ''21:30'', ''HH24:MI''), 1268, 104)';
  EXECUTE IMMEDIATE 'INSERT INTO A2_Performance VALUES (''183511'', TO_DATE (''16/08/2021'', ''DD/MM/YYYY''), TO_DATE ( ''21:00'', ''HH24:MI''), 1383, 111)';
  EXECUTE IMMEDIATE 'INSERT INTO A2_Performance VALUES (''183511'', TO_DATE (''17/08/2021'', ''DD/MM/YYYY''), TO_DATE ( ''21:00'', ''HH24:MI''), 1373, 112)';
  EXECUTE IMMEDIATE 'INSERT INTO A2_Performance VALUES (''183511'', TO_DATE (''18/08/2021'', ''DD/MM/YYYY''), TO_DATE ( ''21:00'', ''HH24:MI''), 1169, 99)';
  EXECUTE IMMEDIATE 'INSERT INTO A2_Performance VALUES (''183511'', TO_DATE (''19/08/2021'', ''DD/MM/YYYY''), TO_DATE ( ''21:15'', ''HH24:MI''), 1294, 105)';
  EXECUTE IMMEDIATE 'INSERT INTO A2_Performance VALUES (''183511'', TO_DATE (''20/08/2021'', ''DD/MM/YYYY''), TO_DATE ( ''21:30'', ''HH24:MI''), 1067, 94)';
  EXECUTE IMMEDIATE 'INSERT INTO A2_Performance VALUES (''183511'', TO_DATE (''21/08/2021'', ''DD/MM/YYYY''), TO_DATE ( ''21:15'', ''HH24:MI''), 1010, 87)';
  EXECUTE IMMEDIATE 'INSERT INTO A2_Performance VALUES (''183511'', TO_DATE (''22/08/2021'', ''DD/MM/YYYY''), TO_DATE ( ''21:15'', ''HH24:MI''), 1214, 101)';
  EXECUTE IMMEDIATE 'INSERT INTO A2_Performance VALUES (''183511'', TO_DATE (''23/08/2021'', ''DD/MM/YYYY''), TO_DATE ( ''21:30'', ''HH24:MI''), 1418, 114)';
  EXECUTE IMMEDIATE 'INSERT INTO A2_Performance VALUES (''183512'', TO_DATE (''28/08/2021'', ''DD/MM/YYYY''), TO_DATE ( ''21:00'', ''HH24:MI''), 1326, 109)';
  EXECUTE IMMEDIATE 'INSERT INTO A2_Performance VALUES (''183512'', TO_DATE (''30/08/2021'', ''DD/MM/YYYY''), TO_DATE ( ''21:15'', ''HH24:MI''), 1299, 106)';
  EXECUTE IMMEDIATE 'INSERT INTO A2_Performance VALUES (''183512'', TO_DATE (''31/08/2021'', ''DD/MM/YYYY''), TO_DATE ( ''21:15'', ''HH24:MI''), 1023, 87)';
  EXECUTE IMMEDIATE 'INSERT INTO A2_Performance VALUES (''183512'', TO_DATE (''01/09/2021'', ''DD/MM/YYYY''), TO_DATE ( ''21:15'', ''HH24:MI''), 1132, 89)';
  EXECUTE IMMEDIATE 'INSERT INTO A2_Performance VALUES (''183512'', TO_DATE (''02/09/2021'', ''DD/MM/YYYY''), TO_DATE ( ''21:15'', ''HH24:MI''), 1207, 101)';
  EXECUTE IMMEDIATE 'INSERT INTO A2_Performance VALUES (''183512'', TO_DATE (''03/09/2021'', ''DD/MM/YYYY''), TO_DATE ( ''21:15'', ''HH24:MI''), 1157, 98)';
  EXECUTE IMMEDIATE 'INSERT INTO A2_Performance VALUES (''183513'', TO_DATE (''07/08/2021'', ''DD/MM/YYYY''), TO_DATE ( ''21:15'', ''HH24:MI''), 1609, 75)';
  EXECUTE IMMEDIATE 'INSERT INTO A2_Performance VALUES (''183513'', TO_DATE (''08/08/2021'', ''DD/MM/YYYY''), TO_DATE ( ''21:15'', ''HH24:MI''), 1627, 75)';
  EXECUTE IMMEDIATE 'INSERT INTO A2_Performance VALUES (''183513'', TO_DATE (''09/08/2021'', ''DD/MM/YYYY''), TO_DATE ( ''21:15'', ''HH24:MI''), 1583, 75)';
  EXECUTE IMMEDIATE 'INSERT INTO A2_Performance VALUES (''183513'', TO_DATE (''10/08/2021'', ''DD/MM/YYYY''), TO_DATE ( ''21:15'', ''HH24:MI''), 1616, 75)';
  EXECUTE IMMEDIATE 'INSERT INTO A2_Performance VALUES (''183513'', TO_DATE (''11/08/2021'', ''DD/MM/YYYY''), TO_DATE ( ''21:15'', ''HH24:MI''), 1731, 75)';
  EXECUTE IMMEDIATE 'INSERT INTO A2_Performance VALUES (''183514'', TO_DATE (''16/08/2021'', ''DD/MM/YYYY''), TO_DATE ( ''21:00'', ''HH24:MI''), 1678, 75)';
  EXECUTE IMMEDIATE 'INSERT INTO A2_Performance VALUES (''183514'', TO_DATE (''17/08/2021'', ''DD/MM/YYYY''), TO_DATE ( ''21:00'', ''HH24:MI''), 1623, 75)';
  EXECUTE IMMEDIATE 'INSERT INTO A2_Performance VALUES (''183514'', TO_DATE (''18/08/2021'', ''DD/MM/YYYY''), TO_DATE ( ''21:00'', ''HH24:MI''), 1612, 75)';
  EXECUTE IMMEDIATE 'INSERT INTO A2_Performance VALUES (''183514'', TO_DATE (''19/08/2021'', ''DD/MM/YYYY''), TO_DATE ( ''21:00'', ''HH24:MI''), 1693, 75)';
  EXECUTE IMMEDIATE 'INSERT INTO A2_Performance VALUES (''183514'', TO_DATE (''20/08/2021'', ''DD/MM/YYYY''), TO_DATE ( ''21:00'', ''HH24:MI''), 1729, 75)';
  EXECUTE IMMEDIATE 'INSERT INTO A2_Performance VALUES (''183514'', TO_DATE (''21/08/2021'', ''DD/MM/YYYY''), TO_DATE ( ''21:00'', ''HH24:MI''), 1700, 75)';
  EXECUTE IMMEDIATE 'INSERT INTO A2_Performance VALUES (''183515'', TO_DATE (''03/09/2021'', ''DD/MM/YYYY''), TO_DATE ( ''21:00'', ''HH24:MI''), 1678, 75)';
  EXECUTE IMMEDIATE 'INSERT INTO A2_Performance VALUES (''183515'', TO_DATE (''04/09/2021'', ''DD/MM/YYYY''), TO_DATE ( ''21:00'', ''HH24:MI''), 1659, 75)';
  EXECUTE IMMEDIATE 'INSERT INTO A2_Performance VALUES (''183515'', TO_DATE (''05/09/2021'', ''DD/MM/YYYY''), TO_DATE ( ''21:00'', ''HH24:MI''), 1638, 75)';
  EXECUTE IMMEDIATE 'INSERT INTO A2_Performance VALUES (''183515'', TO_DATE (''06/09/2021'', ''DD/MM/YYYY''), TO_DATE ( ''21:00'', ''HH24:MI''), 1645, 75)';
  EXECUTE IMMEDIATE 'INSERT INTO A2_Performance VALUES (''183515'', TO_DATE (''07/09/2021'', ''DD/MM/YYYY''), TO_DATE ( ''21:00'', ''HH24:MI''), 1709, 75)';
  EXECUTE IMMEDIATE 'INSERT INTO A2_Performance VALUES (''183515'', TO_DATE (''08/09/2021'', ''DD/MM/YYYY''), TO_DATE ( ''21:00'', ''HH24:MI''), 1883, 75)';
  EXECUTE IMMEDIATE 'INSERT INTO A2_Performance VALUES (''183516'', TO_DATE (''07/08/2021'', ''DD/MM/YYYY''), TO_DATE ( ''21:45'', ''HH24:MI''), 1045, 45)';
  EXECUTE IMMEDIATE 'INSERT INTO A2_Performance VALUES (''183516'', TO_DATE (''08/08/2021'', ''DD/MM/YYYY''), TO_DATE ( ''21:45'', ''HH24:MI''), 1063, 45)';
  EXECUTE IMMEDIATE 'INSERT INTO A2_Performance VALUES (''183516'', TO_DATE (''09/08/2021'', ''DD/MM/YYYY''), TO_DATE ( ''21:45'', ''HH24:MI''), 1051, 45)';
  EXECUTE IMMEDIATE 'INSERT INTO A2_Performance VALUES (''183516'', TO_DATE (''10/08/2021'', ''DD/MM/YYYY''), TO_DATE ( ''21:45'', ''HH24:MI''), 1012, 45)';
  EXECUTE IMMEDIATE 'INSERT INTO A2_Performance VALUES (''183516'', TO_DATE (''11/08/2021'', ''DD/MM/YYYY''), TO_DATE ( ''21:45'', ''HH24:MI''), 1089, 45)';
  EXECUTE IMMEDIATE 'INSERT INTO A2_Performance VALUES (''183517'', TO_DATE (''16/08/2021'', ''DD/MM/YYYY''), TO_DATE ( ''21:45'', ''HH24:MI''), 1034, 45)';
  EXECUTE IMMEDIATE 'INSERT INTO A2_Performance VALUES (''183517'', TO_DATE (''17/08/2021'', ''DD/MM/YYYY''), TO_DATE ( ''21:45'', ''HH24:MI''), 998, 45)';
  EXECUTE IMMEDIATE 'INSERT INTO A2_Performance VALUES (''183517'', TO_DATE (''18/08/2021'', ''DD/MM/YYYY''), TO_DATE ( ''21:45'', ''HH24:MI''), 1067, 45)';
  EXECUTE IMMEDIATE 'INSERT INTO A2_Performance VALUES (''183517'', TO_DATE (''19/08/2021'', ''DD/MM/YYYY''), TO_DATE ( ''21:45'', ''HH24:MI''), 1052, 45)';
  EXECUTE IMMEDIATE 'INSERT INTO A2_Performance VALUES (''183517'', TO_DATE (''20/08/2021'', ''DD/MM/YYYY''), TO_DATE ( ''21:45'', ''HH24:MI''), 1037, 45)';
  EXECUTE IMMEDIATE 'INSERT INTO A2_Performance VALUES (''183517'', TO_DATE (''21/08/2021'', ''DD/MM/YYYY''), TO_DATE ( ''21:45'', ''HH24:MI''), 1092, 45)';
  EXECUTE IMMEDIATE 'INSERT INTO A2_Performance VALUES (''183518'', TO_DATE (''26/08/2021'', ''DD/MM/YYYY''), TO_DATE ( ''21:45'', ''HH24:MI''), 1209, 45)';
  EXECUTE IMMEDIATE 'INSERT INTO A2_Performance VALUES (''183518'', TO_DATE (''27/08/2021'', ''DD/MM/YYYY''), TO_DATE ( ''21:45'', ''HH24:MI''), 1183, 45)';
  EXECUTE IMMEDIATE 'INSERT INTO A2_Performance VALUES (''183519'', TO_DATE (''03/09/2021'', ''DD/MM/YYYY''), TO_DATE ( ''21:45'', ''HH24:MI''), 1054, 45)';
  EXECUTE IMMEDIATE 'INSERT INTO A2_Performance VALUES (''183519'', TO_DATE (''04/09/2021'', ''DD/MM/YYYY''), TO_DATE ( ''21:45'', ''HH24:MI''), 1037, 45)';
  EXECUTE IMMEDIATE 'INSERT INTO A2_Performance VALUES (''183519'', TO_DATE (''05/09/2021'', ''DD/MM/YYYY''), TO_DATE ( ''21:45'', ''HH24:MI''), 1038, 45)';
  EXECUTE IMMEDIATE 'INSERT INTO A2_Performance VALUES (''183519'', TO_DATE (''06/09/2021'', ''DD/MM/YYYY''), TO_DATE ( ''21:45'', ''HH24:MI''), 1001, 45)';
  EXECUTE IMMEDIATE 'INSERT INTO A2_Performance VALUES (''183519'', TO_DATE (''07/09/2021'', ''DD/MM/YYYY''), TO_DATE ( ''21:45'', ''HH24:MI''), 1056, 45)';
  EXECUTE IMMEDIATE 'INSERT INTO A2_Performance VALUES (''183519'', TO_DATE (''08/09/2021'', ''DD/MM/YYYY''), TO_DATE ( ''21:45'', ''HH24:MI''), 1103, 45)';
  EXECUTE IMMEDIATE 'INSERT INTO A2_Performance VALUES (''183520'', TO_DATE (''02/08/2021'', ''DD/MM/YYYY''), TO_DATE ( ''19:45'', ''HH24:MI''), 3276, 267)';
  EXECUTE IMMEDIATE 'INSERT INTO A2_Performance VALUES (''183520'', TO_DATE (''03/08/2021'', ''DD/MM/YYYY''), TO_DATE ( ''19:45'', ''HH24:MI''), 3054, 245)';
  EXECUTE IMMEDIATE 'INSERT INTO A2_Performance VALUES (''183520'', TO_DATE (''04/08/2021'', ''DD/MM/YYYY''), TO_DATE ( ''19:45'', ''HH24:MI''), 2763, 224)';
  EXECUTE IMMEDIATE 'INSERT INTO A2_Performance VALUES (''183520'', TO_DATE (''05/08/2021'', ''DD/MM/YYYY''), TO_DATE ( ''19:45'', ''HH24:MI''), 3134, 251)';
  EXECUTE IMMEDIATE 'INSERT INTO A2_Performance VALUES (''183520'', TO_DATE (''06/08/2021'', ''DD/MM/YYYY''), TO_DATE ( ''19:45'', ''HH24:MI''), 2471, 198)';
  EXECUTE IMMEDIATE 'INSERT INTO A2_Performance VALUES (''183520'', TO_DATE (''07/08/2021'', ''DD/MM/YYYY''), TO_DATE ( ''19:45'', ''HH24:MI''), 3502, 281)';
  EXECUTE IMMEDIATE 'INSERT INTO A2_Performance VALUES (''183521'', TO_DATE (''09/08/2021'', ''DD/MM/YYYY''), TO_DATE ( ''19:30'', ''HH24:MI''), 3189, 254)';
  EXECUTE IMMEDIATE 'INSERT INTO A2_Performance VALUES (''183521'', TO_DATE (''10/08/2021'', ''DD/MM/YYYY''), TO_DATE ( ''19:30'', ''HH24:MI''), 2238, 178)';
  EXECUTE IMMEDIATE 'INSERT INTO A2_Performance VALUES (''183521'', TO_DATE (''11/08/2021'', ''DD/MM/YYYY''), TO_DATE ( ''19:30'', ''HH24:MI''), 2347, 189)';
  EXECUTE IMMEDIATE 'INSERT INTO A2_Performance VALUES (''183521'', TO_DATE (''12/08/2021'', ''DD/MM/YYYY''), TO_DATE ( ''19:45'', ''HH24:MI''), 3718, 298)';
  EXECUTE IMMEDIATE 'INSERT INTO A2_Performance VALUES (''183521'', TO_DATE (''13/08/2021'', ''DD/MM/YYYY''), TO_DATE ( ''19:45'', ''HH24:MI''), 3502, 257)';
  EXECUTE IMMEDIATE 'INSERT INTO A2_Performance VALUES (''183521'', TO_DATE (''14/08/2021'', ''DD/MM/YYYY''), TO_DATE ( ''19:45'', ''HH24:MI''), 3502, 251)';
  EXECUTE IMMEDIATE 'INSERT INTO A2_Performance VALUES (''183522'', TO_DATE (''16/08/2021'', ''DD/MM/YYYY''), TO_DATE ( ''19:30'', ''HH24:MI''), 3739, 300)';
  EXECUTE IMMEDIATE 'INSERT INTO A2_Performance VALUES (''183522'', TO_DATE (''17/08/2021'', ''DD/MM/YYYY''), TO_DATE ( ''19:30'', ''HH24:MI''), 3682, 287)';
  EXECUTE IMMEDIATE 'INSERT INTO A2_Performance VALUES (''183522'', TO_DATE (''18/08/2021'', ''DD/MM/YYYY''), TO_DATE ( ''19:30'', ''HH24:MI''), 3002, 247)';
  EXECUTE IMMEDIATE 'INSERT INTO A2_Performance VALUES (''183522'', TO_DATE (''19/08/2021'', ''DD/MM/YYYY''), TO_DATE ( ''19:30'', ''HH24:MI''), 3573, 258)';
  EXECUTE IMMEDIATE 'INSERT INTO A2_Performance VALUES (''183522'', TO_DATE (''20/08/2021'', ''DD/MM/YYYY''), TO_DATE ( ''19:30'', ''HH24:MI''), 2885, 234)';
  EXECUTE IMMEDIATE 'INSERT INTO A2_Performance VALUES (''183522'', TO_DATE (''21/08/2021'', ''DD/MM/YYYY''), TO_DATE ( ''19:30'', ''HH24:MI''), 3671, 289)';
  EXECUTE IMMEDIATE 'INSERT INTO A2_Performance VALUES (''183523'', TO_DATE (''23/08/2021'', ''DD/MM/YYYY''), TO_DATE ( ''19:45'', ''HH24:MI''), 3345, 276)';
  EXECUTE IMMEDIATE 'INSERT INTO A2_Performance VALUES (''183523'', TO_DATE (''24/08/2021'', ''DD/MM/YYYY''), TO_DATE ( ''19:45'', ''HH24:MI''), 3508, 279)';
  EXECUTE IMMEDIATE 'INSERT INTO A2_Performance VALUES (''183523'', TO_DATE (''25/08/2021'', ''DD/MM/YYYY''), TO_DATE ( ''19:45'', ''HH24:MI''), 2994, 241)';
  EXECUTE IMMEDIATE 'INSERT INTO A2_Performance VALUES (''183523'', TO_DATE (''26/08/2021'', ''DD/MM/YYYY''), TO_DATE ( ''19:45'', ''HH24:MI''), 2454, 197)';
  EXECUTE IMMEDIATE 'INSERT INTO A2_Performance VALUES (''183523'', TO_DATE (''27/08/2021'', ''DD/MM/YYYY''), TO_DATE ( ''19:45'', ''HH24:MI''), 2563, 204)';
  EXECUTE IMMEDIATE 'INSERT INTO A2_Performance VALUES (''183523'', TO_DATE (''28/08/2021'', ''DD/MM/YYYY''), TO_DATE ( ''19:45'', ''HH24:MI''), 3567, 285)';
  EXECUTE IMMEDIATE 'INSERT INTO A2_Performance VALUES (''183524'', TO_DATE (''30/08/2021'', ''DD/MM/YYYY''), TO_DATE ( ''19:45'', ''HH24:MI''), 3734, 301)';
  EXECUTE IMMEDIATE 'INSERT INTO A2_Performance VALUES (''183524'', TO_DATE (''31/08/2021'', ''DD/MM/YYYY''), TO_DATE ( ''19:45'', ''HH24:MI''), 3297, 277)';
  EXECUTE IMMEDIATE 'INSERT INTO A2_Performance VALUES (''183524'', TO_DATE (''01/09/2021'', ''DD/MM/YYYY''), TO_DATE ( ''19:45'', ''HH24:MI''), 3682, 298)';
  EXECUTE IMMEDIATE 'INSERT INTO A2_Performance VALUES (''183524'', TO_DATE (''02/09/2021'', ''DD/MM/YYYY''), TO_DATE ( ''19:45'', ''HH24:MI''), 3600, 283)';
  EXECUTE IMMEDIATE 'INSERT INTO A2_Performance VALUES (''183524'', TO_DATE (''03/09/2021'', ''DD/MM/YYYY''), TO_DATE ( ''19:45'', ''HH24:MI''), 3315, 269)';
  EXECUTE IMMEDIATE 'INSERT INTO A2_Performance VALUES (''183524'', TO_DATE (''04/09/2021'', ''DD/MM/YYYY''), TO_DATE ( ''19:45'', ''HH24:MI''), 3288, 272)';
  EXECUTE IMMEDIATE 'INSERT INTO A2_Performance VALUES (''183525'', TO_DATE (''06/09/2021'', ''DD/MM/YYYY''), TO_DATE ( ''19:45'', ''HH24:MI''), 3533, 286)';
  EXECUTE IMMEDIATE 'INSERT INTO A2_Performance VALUES (''183525'', TO_DATE (''07/09/2021'', ''DD/MM/YYYY''), TO_DATE ( ''19:45'', ''HH24:MI''), 2738, 256)';
  EXECUTE IMMEDIATE 'INSERT INTO A2_Performance VALUES (''183525'', TO_DATE (''08/09/2021'', ''DD/MM/YYYY''), TO_DATE ( ''19:45'', ''HH24:MI''), 2947, 238)';
  EXECUTE IMMEDIATE 'INSERT INTO A2_Performance VALUES (''183525'', TO_DATE (''09/09/2021'', ''DD/MM/YYYY''), TO_DATE ( ''19:45'', ''HH24:MI''), 1293, 183)';
  EXECUTE IMMEDIATE 'INSERT INTO A2_Performance VALUES (''183525'', TO_DATE (''10/09/2021'', ''DD/MM/YYYY''), TO_DATE ( ''19:45'', ''HH24:MI''), 2551, 204)';
  EXECUTE IMMEDIATE 'INSERT INTO A2_Performance VALUES (''183525'', TO_DATE (''11/09/2021'', ''DD/MM/YYYY''), TO_DATE ( ''19:45'', ''HH24:MI''), 2742, 213)';
  EXECUTE IMMEDIATE 'INSERT INTO A2_Performance VALUES (''183527'', TO_DATE (''05/08/2021'', ''DD/MM/YYYY''), TO_DATE ( ''19:45'', ''HH24:MI''), 1316, 183)';
  EXECUTE IMMEDIATE 'INSERT INTO A2_Performance VALUES (''183527'', TO_DATE (''06/08/2021'', ''DD/MM/YYYY''), TO_DATE ( ''19:45'', ''HH24:MI''), 1184, 163)';
  EXECUTE IMMEDIATE 'INSERT INTO A2_Performance VALUES (''183527'', TO_DATE (''07/08/2021'', ''DD/MM/YYYY''), TO_DATE ( ''19:45'', ''HH24:MI''), 1048, 145)';
  EXECUTE IMMEDIATE 'INSERT INTO A2_Performance VALUES (''183527'', TO_DATE (''08/08/2021'', ''DD/MM/YYYY''), TO_DATE ( ''19:45'', ''HH24:MI''), 1393, 187)';
  EXECUTE IMMEDIATE 'INSERT INTO A2_Performance VALUES (''183527'', TO_DATE (''09/08/2021'', ''DD/MM/YYYY''), TO_DATE ( ''19:45'', ''HH24:MI''), 1376, 187)';
  EXECUTE IMMEDIATE 'INSERT INTO A2_Performance VALUES (''183527'', TO_DATE (''10/08/2021'', ''DD/MM/YYYY''), TO_DATE ( ''19:45'', ''HH24:MI''), 1234, 165)';
  EXECUTE IMMEDIATE 'INSERT INTO A2_Performance VALUES (''183528'', TO_DATE (''12/08/2021'', ''DD/MM/YYYY''), TO_DATE ( ''19:30'', ''HH24:MI''), 1328, 172)';
  EXECUTE IMMEDIATE 'INSERT INTO A2_Performance VALUES (''183528'', TO_DATE (''13/08/2021'', ''DD/MM/YYYY''), TO_DATE ( ''19:45'', ''HH24:MI''), 1145, 161)';
  EXECUTE IMMEDIATE 'INSERT INTO A2_Performance VALUES (''183528'', TO_DATE (''14/08/2021'', ''DD/MM/YYYY''), TO_DATE ( ''19:45'', ''HH24:MI''), 1147, 162)';
  EXECUTE IMMEDIATE 'INSERT INTO A2_Performance VALUES (''183528'', TO_DATE (''15/08/2021'', ''DD/MM/YYYY''), TO_DATE ( ''19:45'', ''HH24:MI''), 1449, 178)';
  EXECUTE IMMEDIATE 'INSERT INTO A2_Performance VALUES (''183528'', TO_DATE (''16/08/2021'', ''DD/MM/YYYY''), TO_DATE ( ''19:45'', ''HH24:MI''), 1099, 152)';
  EXECUTE IMMEDIATE 'INSERT INTO A2_Performance VALUES (''183528'', TO_DATE (''17/08/2021'', ''DD/MM/YYYY''), TO_DATE ( ''19:45'', ''HH24:MI''), 973, 133)';
  EXECUTE IMMEDIATE 'INSERT INTO A2_Performance VALUES (''183529'', TO_DATE (''19/08/2021'', ''DD/MM/YYYY''), TO_DATE ( ''19:45'', ''HH24:MI''), 1363, 174)';
  EXECUTE IMMEDIATE 'INSERT INTO A2_Performance VALUES (''183529'', TO_DATE (''20/08/2021'', ''DD/MM/YYYY''), TO_DATE ( ''19:45'', ''HH24:MI''), 1384, 186)';
  EXECUTE IMMEDIATE 'INSERT INTO A2_Performance VALUES (''183529'', TO_DATE (''21/08/2021'', ''DD/MM/YYYY''), TO_DATE ( ''19:45'', ''HH24:MI''), 1024, 144)';
  EXECUTE IMMEDIATE 'INSERT INTO A2_Performance VALUES (''183529'', TO_DATE (''22/08/2021'', ''DD/MM/YYYY''), TO_DATE ( ''19:45'', ''HH24:MI''), 1198, 160)';
  EXECUTE IMMEDIATE 'INSERT INTO A2_Performance VALUES (''183529'', TO_DATE (''23/08/2021'', ''DD/MM/YYYY''), TO_DATE ( ''19:45'', ''HH24:MI''), 1032, 140)';
  EXECUTE IMMEDIATE 'INSERT INTO A2_Performance VALUES (''183529'', TO_DATE (''24/08/2021'', ''DD/MM/YYYY''), TO_DATE ( ''19:45'', ''HH24:MI''), 1001, 138)';
  EXECUTE IMMEDIATE 'INSERT INTO A2_Performance VALUES (''183530'', TO_DATE (''26/08/2021'', ''DD/MM/YYYY''), TO_DATE ( ''19:45'', ''HH24:MI''), 1054, 145)';
  EXECUTE IMMEDIATE 'INSERT INTO A2_Performance VALUES (''183530'', TO_DATE (''27/08/2021'', ''DD/MM/YYYY''), TO_DATE ( ''19:45'', ''HH24:MI''), 982, 133)';
  EXECUTE IMMEDIATE 'INSERT INTO A2_Performance VALUES (''183530'', TO_DATE (''28/08/2021'', ''DD/MM/YYYY''), TO_DATE ( ''19:45'', ''HH24:MI''), 1405, 190)';
  EXECUTE IMMEDIATE 'INSERT INTO A2_Performance VALUES (''183530'', TO_DATE (''29/08/2021'', ''DD/MM/YYYY''), TO_DATE ( ''19:45'', ''HH24:MI''), 1301, 183)';
  EXECUTE IMMEDIATE 'INSERT INTO A2_Performance VALUES (''183530'', TO_DATE (''30/08/2021'', ''DD/MM/YYYY''), TO_DATE ( ''19:45'', ''HH24:MI''), 1173, 153)';
  EXECUTE IMMEDIATE 'INSERT INTO A2_Performance VALUES (''183530'', TO_DATE (''31/08/2021'', ''DD/MM/YYYY''), TO_DATE ( ''19:45'', ''HH24:MI''), 893, 120)';
  EXECUTE IMMEDIATE 'INSERT INTO A2_Performance VALUES (''183531'', TO_DATE (''16/08/2021'', ''DD/MM/YYYY''), TO_DATE ( ''20:45'', ''HH24:MI''), 1353, 184)';
  EXECUTE IMMEDIATE 'INSERT INTO A2_Performance VALUES (''183531'', TO_DATE (''18/08/2021'', ''DD/MM/YYYY''), TO_DATE ( ''20:45'', ''HH24:MI''), 1373, 175)';
  EXECUTE IMMEDIATE 'INSERT INTO A2_Performance VALUES (''183531'', TO_DATE (''20/08/2021'', ''DD/MM/YYYY''), TO_DATE ( ''20:45'', ''HH24:MI''), 1103, 147)';
  EXECUTE IMMEDIATE 'INSERT INTO A2_Performance VALUES (''183531'', TO_DATE (''22/08/2021'', ''DD/MM/YYYY''), TO_DATE ( ''20:45'', ''HH24:MI''), 1295, 173)';
  EXECUTE IMMEDIATE 'INSERT INTO A2_Performance VALUES (''183532'', TO_DATE (''24/08/2021'', ''DD/MM/YYYY''), TO_DATE ( ''20:45'', ''HH24:MI''), 1248, 165)';
  EXECUTE IMMEDIATE 'INSERT INTO A2_Performance VALUES (''183532'', TO_DATE (''25/08/2021'', ''DD/MM/YYYY''), TO_DATE ( ''20:45'', ''HH24:MI''), 1083, 138)';
  EXECUTE IMMEDIATE 'INSERT INTO A2_Performance VALUES (''183532'', TO_DATE (''26/08/2021'', ''DD/MM/YYYY''), TO_DATE ( ''20:45'', ''HH24:MI''), 943, 127)';
  EXECUTE IMMEDIATE 'INSERT INTO A2_Performance VALUES (''183532'', TO_DATE (''27/08/2021'', ''DD/MM/YYYY''), TO_DATE ( ''20:45'', ''HH24:MI''), 683, 94)';
  EXECUTE IMMEDIATE 'INSERT INTO A2_Performance VALUES (''183533'', TO_DATE (''02/09/2021'', ''DD/MM/YYYY''), TO_DATE ( ''20:45'', ''HH24:MI''), 1367, 174)';
  EXECUTE IMMEDIATE 'INSERT INTO A2_Performance VALUES (''183533'', TO_DATE (''03/09/2021'', ''DD/MM/YYYY''), TO_DATE ( ''20:45'', ''HH24:MI''), 1094, 150)';
  EXECUTE IMMEDIATE 'INSERT INTO A2_Performance VALUES (''183533'', TO_DATE (''05/09/2021'', ''DD/MM/YYYY''), TO_DATE ( ''20:45'', ''HH24:MI''), 1333, 182)';
  EXECUTE IMMEDIATE 'INSERT INTO A2_Performance VALUES (''183533'', TO_DATE (''06/09/2021'', ''DD/MM/YYYY''), TO_DATE ( ''20:45'', ''HH24:MI''), 781, 111)';
  EXECUTE IMMEDIATE 'INSERT INTO A2_Performance VALUES (''183534'', TO_DATE (''04/08/2021'', ''DD/MM/YYYY''), TO_DATE ( ''18:45'', ''HH24:MI''), 1295, 165)';
  EXECUTE IMMEDIATE 'INSERT INTO A2_Performance VALUES (''183534'', TO_DATE (''05/08/2021'', ''DD/MM/YYYY''), TO_DATE ( ''18:45'', ''HH24:MI''), 1081, 135)';
  EXECUTE IMMEDIATE 'INSERT INTO A2_Performance VALUES (''183534'', TO_DATE (''06/08/2021'', ''DD/MM/YYYY''), TO_DATE ( ''18:45'', ''HH24:MI''), 1080, 136)';
  EXECUTE IMMEDIATE 'INSERT INTO A2_Performance VALUES (''183534'', TO_DATE (''07/08/2021'', ''DD/MM/YYYY''), TO_DATE ( ''18:45'', ''HH24:MI''), 1100, 144)';
  EXECUTE IMMEDIATE 'INSERT INTO A2_Performance VALUES (''183534'', TO_DATE (''08/08/2021'', ''DD/MM/YYYY''), TO_DATE ( ''18:45'', ''HH24:MI''), 967, 129)';
  EXECUTE IMMEDIATE 'INSERT INTO A2_Performance VALUES (''183535'', TO_DATE (''14/08/2021'', ''DD/MM/YYYY''), TO_DATE ( ''18:45'', ''HH24:MI''), 1254, 161)';
  EXECUTE IMMEDIATE 'INSERT INTO A2_Performance VALUES (''183535'', TO_DATE (''15/08/2021'', ''DD/MM/YYYY''), TO_DATE ( ''18:45'', ''HH24:MI''), 1276, 163)';
  EXECUTE IMMEDIATE 'INSERT INTO A2_Performance VALUES (''183535'', TO_DATE (''16/08/2021'', ''DD/MM/YYYY''), TO_DATE ( ''18:45'', ''HH24:MI''), 1184, 153)';
  EXECUTE IMMEDIATE 'INSERT INTO A2_Performance VALUES (''183535'', TO_DATE (''17/08/2021'', ''DD/MM/YYYY''), TO_DATE ( ''18:45'', ''HH24:MI''), 1260, 160)';
  EXECUTE IMMEDIATE 'INSERT INTO A2_Performance VALUES (''183536'', TO_DATE (''25/08/2021'', ''DD/MM/YYYY''), TO_DATE ( ''18:45'', ''HH24:MI''), 1164, 152)';
  EXECUTE IMMEDIATE 'INSERT INTO A2_Performance VALUES (''183536'', TO_DATE (''26/08/2021'', ''DD/MM/YYYY''), TO_DATE ( ''18:45'', ''HH24:MI''), 1017, 136)';
  EXECUTE IMMEDIATE 'INSERT INTO A2_Performance VALUES (''183536'', TO_DATE (''27/08/2021'', ''DD/MM/YYYY''), TO_DATE ( ''18:45'', ''HH24:MI''), 999, 129)';
  EXECUTE IMMEDIATE 'INSERT INTO A2_Performance VALUES (''183536'', TO_DATE (''28/08/2021'', ''DD/MM/YYYY''), TO_DATE ( ''18:45'', ''HH24:MI''), 1088, 143)';
  EXECUTE IMMEDIATE 'INSERT INTO A2_Performance VALUES (''183537'', TO_DATE (''03/09/2021'', ''DD/MM/YYYY''), TO_DATE ( ''18:45'', ''HH24:MI''), 803, 112)';
  EXECUTE IMMEDIATE 'INSERT INTO A2_Performance VALUES (''183537'', TO_DATE (''04/09/2021'', ''DD/MM/YYYY''), TO_DATE ( ''18:45'', ''HH24:MI''), 1104, 143)';
  EXECUTE IMMEDIATE 'INSERT INTO A2_Performance VALUES (''183537'', TO_DATE (''05/09/2021'', ''DD/MM/YYYY''), TO_DATE ( ''18:45'', ''HH24:MI''), 1279, 164)';
  EXECUTE IMMEDIATE 'INSERT INTO A2_Performance VALUES (''183537'', TO_DATE (''06/09/2021'', ''DD/MM/YYYY''), TO_DATE ( ''18:45'', ''HH24:MI''), 1232, 159)';
  EXECUTE IMMEDIATE 'INSERT INTO A2_Performance VALUES (''183538'', TO_DATE (''04/08/2021'', ''DD/MM/YYYY''), TO_DATE ( ''19:30'', ''HH24:MI''), 769, 106)';
  EXECUTE IMMEDIATE 'INSERT INTO A2_Performance VALUES (''183538'', TO_DATE (''05/08/2021'', ''DD/MM/YYYY''), TO_DATE ( ''19:30'', ''HH24:MI''), 708, 98)';
  EXECUTE IMMEDIATE 'INSERT INTO A2_Performance VALUES (''183538'', TO_DATE (''06/08/2021'', ''DD/MM/YYYY''), TO_DATE ( ''19:30'', ''HH24:MI''), 745, 102)';
  EXECUTE IMMEDIATE 'INSERT INTO A2_Performance VALUES (''183538'', TO_DATE (''07/08/2021'', ''DD/MM/YYYY''), TO_DATE ( ''19:30'', ''HH24:MI''), 711, 99)';
  EXECUTE IMMEDIATE 'INSERT INTO A2_Performance VALUES (''183539'', TO_DATE (''11/08/2021'', ''DD/MM/YYYY''), TO_DATE ( ''19:30'', ''HH24:MI''), 777, 107)';
  EXECUTE IMMEDIATE 'INSERT INTO A2_Performance VALUES (''183539'', TO_DATE (''12/08/2021'', ''DD/MM/YYYY''), TO_DATE ( ''19:30'', ''HH24:MI''), 685, 85)';
  EXECUTE IMMEDIATE 'INSERT INTO A2_Performance VALUES (''183539'', TO_DATE (''13/08/2021'', ''DD/MM/YYYY''), TO_DATE ( ''19:30'', ''HH24:MI''), 546, 68)';
  EXECUTE IMMEDIATE 'INSERT INTO A2_Performance VALUES (''183539'', TO_DATE (''14/08/2021'', ''DD/MM/YYYY''), TO_DATE ( ''19:30'', ''HH24:MI''), 704, 98)';
  EXECUTE IMMEDIATE 'INSERT INTO A2_Performance VALUES (''183540'', TO_DATE (''20/08/2021'', ''DD/MM/YYYY''), TO_DATE ( ''19:30'', ''HH24:MI''), 709, 65)';
  EXECUTE IMMEDIATE 'INSERT INTO A2_Performance VALUES (''183540'', TO_DATE (''21/08/2021'', ''DD/MM/YYYY''), TO_DATE ( ''19:30'', ''HH24:MI''), 856, 73)';
  EXECUTE IMMEDIATE 'INSERT INTO A2_Performance VALUES (''183540'', TO_DATE (''23/08/2021'', ''DD/MM/YYYY''), TO_DATE ( ''19:30'', ''HH24:MI''), 1087, 91)';
  EXECUTE IMMEDIATE 'INSERT INTO A2_Performance VALUES (''183540'', TO_DATE (''24/08/2021'', ''DD/MM/YYYY''), TO_DATE ( ''19:30'', ''HH24:MI''), 1132, 90)';
  EXECUTE IMMEDIATE 'INSERT INTO A2_Performance VALUES (''183541'', TO_DATE (''29/08/2021'', ''DD/MM/YYYY''), TO_DATE ( ''19:30'', ''HH24:MI''), 1043, 87)';
  EXECUTE IMMEDIATE 'INSERT INTO A2_Performance VALUES (''183541'', TO_DATE (''30/08/2021'', ''DD/MM/YYYY''), TO_DATE ( ''19:30'', ''HH24:MI''), 1143, 100)';
  EXECUTE IMMEDIATE 'INSERT INTO A2_Performance VALUES (''183541'', TO_DATE (''31/08/2021'', ''DD/MM/YYYY''), TO_DATE ( ''19:30'', ''HH24:MI''), 1108, 92)';
  EXECUTE IMMEDIATE 'INSERT INTO A2_Performance VALUES (''183541'', TO_DATE (''01/09/2021'', ''DD/MM/YYYY''), TO_DATE ( ''19:30'', ''HH24:MI''), 997, 86)';
  EXECUTE IMMEDIATE 'INSERT INTO A2_Performance VALUES (''183542'', TO_DATE (''04/09/2021'', ''DD/MM/YYYY''), TO_DATE ( ''19:30'', ''HH24:MI''), 906, 76)';
  EXECUTE IMMEDIATE 'INSERT INTO A2_Performance VALUES (''183542'', TO_DATE (''05/09/2021'', ''DD/MM/YYYY''), TO_DATE ( ''19:30'', ''HH24:MI''), 1086, 93)';
  EXECUTE IMMEDIATE 'INSERT INTO A2_Performance VALUES (''183542'', TO_DATE (''07/09/2021'', ''DD/MM/YYYY''), TO_DATE ( ''19:30'', ''HH24:MI''), 687, 57)';
  EXECUTE IMMEDIATE 'INSERT INTO A2_Performance VALUES (''183543'', TO_DATE (''14/08/2021'', ''DD/MM/YYYY''), TO_DATE ( ''21:00'', ''HH24:MI''), 912, 75)';
  EXECUTE IMMEDIATE 'INSERT INTO A2_Performance VALUES (''183543'', TO_DATE (''15/08/2021'', ''DD/MM/YYYY''), TO_DATE ( ''21:00'', ''HH24:MI''), 735, 65)';
  EXECUTE IMMEDIATE 'INSERT INTO A2_Performance VALUES (''183543'', TO_DATE (''16/08/2021'', ''DD/MM/YYYY''), TO_DATE ( ''21:00'', ''HH24:MI''), 405, 32)';
  EXECUTE IMMEDIATE 'INSERT INTO A2_Performance VALUES (''183543'', TO_DATE (''17/08/2021'', ''DD/MM/YYYY''), TO_DATE ( ''21:00'', ''HH24:MI''), 745, 57)';
  EXECUTE IMMEDIATE 'INSERT INTO A2_Performance VALUES (''183543'', TO_DATE (''21/08/2021'', ''DD/MM/YYYY''), TO_DATE ( ''21:00'', ''HH24:MI''), 777, 60)';
  EXECUTE IMMEDIATE 'INSERT INTO A2_Performance VALUES (''183543'', TO_DATE (''22/08/2021'', ''DD/MM/YYYY''), TO_DATE ( ''21:00'', ''HH24:MI''), 739, 58)';
  EXECUTE IMMEDIATE 'INSERT INTO A2_Performance VALUES (''183543'', TO_DATE (''23/08/2021'', ''DD/MM/YYYY''), TO_DATE ( ''21:00'', ''HH24:MI''), 921, 76)';
  EXECUTE IMMEDIATE 'INSERT INTO A2_Performance VALUES (''183544'', TO_DATE (''31/08/2021'', ''DD/MM/YYYY''), TO_DATE ( ''21:00'', ''HH24:MI''), 795, 68)';
  EXECUTE IMMEDIATE 'INSERT INTO A2_Performance VALUES (''183544'', TO_DATE (''01/09/2021'', ''DD/MM/YYYY''), TO_DATE ( ''21:00'', ''HH24:MI''), 341, 28)';
  EXECUTE IMMEDIATE 'INSERT INTO A2_Performance VALUES (''183544'', TO_DATE (''02/09/2021'', ''DD/MM/YYYY''), TO_DATE ( ''21:00'', ''HH24:MI''), 150, 11)';
  EXECUTE IMMEDIATE 'INSERT INTO A2_Performance VALUES (''183544'', TO_DATE (''03/09/2021'', ''DD/MM/YYYY''), TO_DATE ( ''21:00'', ''HH24:MI''), 694, 59)';
  EXECUTE IMMEDIATE 'INSERT INTO A2_Performance VALUES (''183545'', TO_DATE (''06/09/2021'', ''DD/MM/YYYY''), TO_DATE ( ''21:00'', ''HH24:MI''), 713, 61)';
  EXECUTE IMMEDIATE 'INSERT INTO A2_Performance VALUES (''183545'', TO_DATE (''07/09/2021'', ''DD/MM/YYYY''), TO_DATE ( ''21:00'', ''HH24:MI''), 647, 54)'; 
  EXECUTE IMMEDIATE 'INSERT INTO A2_Performance VALUES (''183545'', TO_DATE (''02/08/2021'', ''DD/MM/YYYY''), TO_DATE ( ''19:15'', ''HH24:MI''), 3028, 156)';
  EXECUTE IMMEDIATE 'INSERT INTO A2_Performance VALUES (''183545'', TO_DATE (''03/08/2021'', ''DD/MM/YYYY''), TO_DATE ( ''19:15'', ''HH24:MI''), 2593, 134)';
  EXECUTE IMMEDIATE 'INSERT INTO A2_Performance VALUES (''183545'', TO_DATE (''04/08/2021'', ''DD/MM/YYYY''), TO_DATE ( ''19:15'', ''HH24:MI''), 2962, 152)';
  EXECUTE IMMEDIATE 'INSERT INTO A2_Performance VALUES (''183545'', TO_DATE (''05/08/2021'', ''DD/MM/YYYY''), TO_DATE ( ''19:15'', ''HH24:MI''), 2084, 111)';
  EXECUTE IMMEDIATE 'INSERT INTO A2_Performance VALUES (''183545'', TO_DATE (''06/08/2021'', ''DD/MM/YYYY''), TO_DATE ( ''19:15'', ''HH24:MI''), 2705, 148)';
  EXECUTE IMMEDIATE 'INSERT INTO A2_Performance VALUES (''183546'', TO_DATE (''09/08/2021'', ''DD/MM/YYYY''), TO_DATE ( ''21:00'', ''HH24:MI''), 2462, 127)';
  EXECUTE IMMEDIATE 'INSERT INTO A2_Performance VALUES (''183546'', TO_DATE (''10/08/2021'', ''DD/MM/YYYY''), TO_DATE ( ''21:00'', ''HH24:MI''), 2684, 141)';
  EXECUTE IMMEDIATE 'INSERT INTO A2_Performance VALUES (''183546'', TO_DATE (''11/08/2021'', ''DD/MM/YYYY''), TO_DATE ( ''21:00'', ''HH24:MI''), 2081, 109)';
  EXECUTE IMMEDIATE 'INSERT INTO A2_Performance VALUES (''183546'', TO_DATE (''12/08/2021'', ''DD/MM/YYYY''), TO_DATE ( ''21:00'', ''HH24:MI''), 1974, 101)';
  EXECUTE IMMEDIATE 'INSERT INTO A2_Performance VALUES (''183547'', TO_DATE (''15/08/2021'', ''DD/MM/YYYY''), TO_DATE ( ''21:00'', ''HH24:MI''), 2658, 144)';
  EXECUTE IMMEDIATE 'INSERT INTO A2_Performance VALUES (''183547'', TO_DATE (''16/08/2021'', ''DD/MM/YYYY''), TO_DATE ( ''21:00'', ''HH24:MI''), 2507, 134)';
  EXECUTE IMMEDIATE 'INSERT INTO A2_Performance VALUES (''183547'', TO_DATE (''18/08/2021'', ''DD/MM/YYYY''), TO_DATE ( ''21:00'', ''HH24:MI''), 2084, 110)';
  EXECUTE IMMEDIATE 'INSERT INTO A2_Performance VALUES (''183547'', TO_DATE (''19/08/2021'', ''DD/MM/YYYY''), TO_DATE ( ''21:00'', ''HH24:MI''), 1823, 97)';
  EXECUTE IMMEDIATE 'INSERT INTO A2_Performance VALUES (''183548'', TO_DATE (''24/08/2021'', ''DD/MM/YYYY''), TO_DATE ( ''21:00'', ''HH24:MI''), 2611, 144)';
  EXECUTE IMMEDIATE 'INSERT INTO A2_Performance VALUES (''183548'', TO_DATE (''25/08/2021'', ''DD/MM/YYYY''), TO_DATE ( ''21:00'', ''HH24:MI''), 2958, 154)';
  EXECUTE IMMEDIATE 'INSERT INTO A2_Performance VALUES (''183548'', TO_DATE (''26/08/2021'', ''DD/MM/YYYY''), TO_DATE ( ''21:00'', ''HH24:MI''), 2844, 151)';
  EXECUTE IMMEDIATE 'INSERT INTO A2_Performance VALUES (''183549'', TO_DATE (''30/08/2021'', ''DD/MM/YYYY''), TO_DATE ( ''21:00'', ''HH24:MI''), 2662, 138)';
  EXECUTE IMMEDIATE 'INSERT INTO A2_Performance VALUES (''183549'', TO_DATE (''31/08/2021'', ''DD/MM/YYYY''), TO_DATE ( ''21:00'', ''HH24:MI''), 2290, 118)';
  EXECUTE IMMEDIATE 'INSERT INTO A2_Performance VALUES (''183549'', TO_DATE (''01/09/2021'', ''DD/MM/YYYY''), TO_DATE ( ''21:00'', ''HH24:MI''), 2531, 129)';
  EXECUTE IMMEDIATE 'INSERT INTO A2_Performance VALUES (''183549'', TO_DATE (''02/09/2021'', ''DD/MM/YYYY''), TO_DATE ( ''21:00'', ''HH24:MI''), 1555, 84)';
  EXECUTE IMMEDIATE 'INSERT INTO A2_Performance VALUES (''183550'', TO_DATE (''03/09/2021'', ''DD/MM/YYYY''), TO_DATE ( ''21:00'', ''HH24:MI''), 2958, 153)';
  EXECUTE IMMEDIATE 'INSERT INTO A2_Performance VALUES (''183550'', TO_DATE (''04/09/2021'', ''DD/MM/YYYY''), TO_DATE ( ''21:00'', ''HH24:MI''), 2084, 112)';
  EXECUTE IMMEDIATE 'INSERT INTO A2_Performance VALUES (''183550'', TO_DATE (''05/09/2021'', ''DD/MM/YYYY''), TO_DATE ( ''21:00'', ''HH24:MI''), 1962, 100)';
  EXECUTE IMMEDIATE 'INSERT INTO A2_Performance VALUES (''183550'', TO_DATE (''06/09/2021'', ''DD/MM/YYYY''), TO_DATE ( ''21:00'', ''HH24:MI''), 2683, 141)';
  EXECUTE IMMEDIATE 'INSERT INTO A2_Performance VALUES (''183552'', TO_DATE (''06/08/2021'', ''DD/MM/YYYY''), TO_DATE ( ''20:00'', ''HH24:MI''), 2361, 124)';
  EXECUTE IMMEDIATE 'INSERT INTO A2_Performance VALUES (''183552'', TO_DATE (''07/08/2021'', ''DD/MM/YYYY''), TO_DATE ( ''20:30'', ''HH24:MI''), 2111, 118)';
  EXECUTE IMMEDIATE 'INSERT INTO A2_Performance VALUES (''183553'', TO_DATE (''15/08/2021'', ''DD/MM/YYYY''), TO_DATE ( ''20:00'', ''HH24:MI''), 2322, 121)';
  EXECUTE IMMEDIATE 'INSERT INTO A2_Performance VALUES (''183553'', TO_DATE (''16/08/2021'', ''DD/MM/YYYY''), TO_DATE ( ''20:00'', ''HH24:MI''), 2057, 107)';
  EXECUTE IMMEDIATE 'INSERT INTO A2_Performance VALUES (''183553'', TO_DATE (''17/08/2021'', ''DD/MM/YYYY''), TO_DATE ( ''20:00'', ''HH24:MI''), 2104, 109)';
  EXECUTE IMMEDIATE 'INSERT INTO A2_Performance VALUES (''183553'', TO_DATE (''18/08/2021'', ''DD/MM/YYYY''), TO_DATE ( ''20:30'', ''HH24:MI''), 2118, 109)';
  EXECUTE IMMEDIATE 'INSERT INTO A2_Performance VALUES (''183554'', TO_DATE (''26/08/2021'', ''DD/MM/YYYY''), TO_DATE ( ''20:00'', ''HH24:MI''), 2229, 117)';
  EXECUTE IMMEDIATE 'INSERT INTO A2_Performance VALUES (''183554'', TO_DATE (''27/08/2021'', ''DD/MM/YYYY''), TO_DATE ( ''20:00'', ''HH24:MI''), 1895, 98)';
  EXECUTE IMMEDIATE 'INSERT INTO A2_Performance VALUES (''183555'', TO_DATE (''01/09/2021'', ''DD/MM/YYYY''), TO_DATE ( ''20:15'', ''HH24:MI''), 2674, 132)';
  EXECUTE IMMEDIATE 'INSERT INTO A2_Performance VALUES (''183556'', TO_DATE (''03/08/2021'', ''DD/MM/YYYY''), TO_DATE ( ''19:30'', ''HH24:MI''), 1573, 76)';
  EXECUTE IMMEDIATE 'INSERT INTO A2_Performance VALUES (''183556'', TO_DATE (''04/08/2021'', ''DD/MM/YYYY''), TO_DATE ( ''19:30'', ''HH24:MI''), 1379, 69)';
  EXECUTE IMMEDIATE 'INSERT INTO A2_Performance VALUES (''183557'', TO_DATE (''06/08/2021'', ''DD/MM/YYYY''), TO_DATE ( ''19:30'', ''HH24:MI''), 1573, 80)';
  EXECUTE IMMEDIATE 'INSERT INTO A2_Performance VALUES (''183557'', TO_DATE (''07/08/2021'', ''DD/MM/YYYY''), TO_DATE ( ''19:15'', ''HH24:MI''), 1590, 81)';
  EXECUTE IMMEDIATE 'INSERT INTO A2_Performance VALUES (''183557'', TO_DATE (''08/08/2021'', ''DD/MM/YYYY''), TO_DATE ( ''19:30'', ''HH24:MI''), 1376, 68)';
  EXECUTE IMMEDIATE 'INSERT INTO A2_Performance VALUES (''183558'', TO_DATE (''17/08/2021'', ''DD/MM/YYYY''), TO_DATE ( ''19:30'', ''HH24:MI''), 1456, 75)';
  EXECUTE IMMEDIATE 'INSERT INTO A2_Performance VALUES (''183558'', TO_DATE (''18/08/2021'', ''DD/MM/YYYY''), TO_DATE ( ''19:30'', ''HH24:MI''), 1506, 79)';
  EXECUTE IMMEDIATE 'INSERT INTO A2_Performance VALUES (''183558'', TO_DATE (''19/08/2021'', ''DD/MM/YYYY''), TO_DATE ( ''19:30'', ''HH24:MI''), 1004, 52)';
  EXECUTE IMMEDIATE 'INSERT INTO A2_Performance VALUES (''183560'', TO_DATE (''21/08/2021'', ''DD/MM/YYYY''), TO_DATE ( ''19:30'', ''HH24:MI''), 1242, 65)';
  EXECUTE IMMEDIATE 'INSERT INTO A2_Performance VALUES (''183560'', TO_DATE (''22/08/2021'', ''DD/MM/YYYY''), TO_DATE ( ''19:30'', ''HH24:MI''), 1277, 64)';
  EXECUTE IMMEDIATE 'INSERT INTO A2_Performance VALUES (''183560'', TO_DATE (''23/08/2021'', ''DD/MM/YYYY''), TO_DATE ( ''19:45'', ''HH24:MI''), 1369, 71)';
  EXECUTE IMMEDIATE 'INSERT INTO A2_Performance VALUES (''183561'', TO_DATE (''03/09/2021'', ''DD/MM/YYYY''), TO_DATE ( ''19:00'', ''HH24:MI''), 1113, 56)';
  EXECUTE IMMEDIATE 'INSERT INTO A2_Performance VALUES (''183561'', TO_DATE (''04/09/2021'', ''DD/MM/YYYY''), TO_DATE ( ''19:30'', ''HH24:MI''), 1349, 68)';
  EXECUTE IMMEDIATE 'INSERT INTO A2_Performance VALUES (''183561'', TO_DATE (''05/09/2021'', ''DD/MM/YYYY''), TO_DATE ( ''19:30'', ''HH24:MI''), 1174, 61)';
  EXECUTE IMMEDIATE 'INSERT INTO A2_Performance VALUES (''183562'', TO_DATE (''07/08/2021'', ''DD/MM/YYYY''), TO_DATE ( ''21:30'', ''HH24:MI''), 1186, 60)';
  EXECUTE IMMEDIATE 'INSERT INTO A2_Performance VALUES (''183562'', TO_DATE (''08/08/2021'', ''DD/MM/YYYY''), TO_DATE ( ''21:30'', ''HH24:MI''), 1200, 62)';
  EXECUTE IMMEDIATE 'INSERT INTO A2_Performance VALUES (''183562'', TO_DATE (''09/08/2021'', ''DD/MM/YYYY''), TO_DATE ( ''21:30'', ''HH24:MI''), 1158, 58)';
  EXECUTE IMMEDIATE 'INSERT INTO A2_Performance VALUES (''183563'', TO_DATE (''14/08/2021'', ''DD/MM/YYYY''), TO_DATE ( ''21:15'', ''HH24:MI''), 1096, 58)';
  EXECUTE IMMEDIATE 'INSERT INTO A2_Performance VALUES (''183563'', TO_DATE (''15/08/2021'', ''DD/MM/YYYY''), TO_DATE ( ''21:30'', ''HH24:MI''), 1079, 57)';
  EXECUTE IMMEDIATE 'INSERT INTO A2_Performance VALUES (''183563'', TO_DATE (''16/08/2021'', ''DD/MM/YYYY''), TO_DATE ( ''21:45'', ''HH24:MI''), 956, 47)';
  EXECUTE IMMEDIATE 'INSERT INTO A2_Performance VALUES (''183563'', TO_DATE (''17/08/2021'', ''DD/MM/YYYY''), TO_DATE ( ''21:30'', ''HH24:MI''), 998, 49)';
  EXECUTE IMMEDIATE 'INSERT INTO A2_Performance VALUES (''183564'', TO_DATE (''22/08/2021'', ''DD/MM/YYYY''), TO_DATE ( ''21:30'', ''HH24:MI''), 1175, 61)';
  EXECUTE IMMEDIATE 'INSERT INTO A2_Performance VALUES (''183564'', TO_DATE (''23/08/2021'', ''DD/MM/YYYY''), TO_DATE ( ''21:30'', ''HH24:MI''), 1062, 55)';
  EXECUTE IMMEDIATE 'INSERT INTO A2_Performance VALUES (''183564'', TO_DATE (''24/08/2021'', ''DD/MM/YYYY''), TO_DATE ( ''21:30'', ''HH24:MI''), 1089, 57)';
  EXECUTE IMMEDIATE 'INSERT INTO A2_Performance VALUES (''183565'', TO_DATE (''31/08/2021'', ''DD/MM/YYYY''), TO_DATE ( ''21:30'', ''HH24:MI''), 790, 41)';
  EXECUTE IMMEDIATE 'INSERT INTO A2_Performance VALUES (''183565'', TO_DATE (''01/09/2021'', ''DD/MM/YYYY''), TO_DATE ( ''21:30'', ''HH24:MI''), 968, 51)';
  EXECUTE IMMEDIATE 'INSERT INTO A2_Performance VALUES (''183565'', TO_DATE (''02/09/2021'', ''DD/MM/YYYY''), TO_DATE ( ''21:30'', ''HH24:MI''), 1072, 62)';

  DBMS_OUTPUT.PUT_LINE(' ... A2_Performance');

  EXECUTE IMMEDIATE 'UPDATE A2_Cinema SET Manager = ''93345826'' WHERE Cinema_Name = ''Marvale Rex''';
  EXECUTE IMMEDIATE 'UPDATE A2_Cinema SET Manager = ''48563983'' WHERE Cinema_Name = ''Treban Picturehouse''';
  EXECUTE IMMEDIATE 'UPDATE A2_Cinema SET Manager = ''87490252'' WHERE Cinema_Name = ''The Glory Showhouse''';
  EXECUTE IMMEDIATE 'UPDATE A2_Cinema SET Manager = ''98457453'' WHERE Cinema_Name = ''Odeon on the Hill''';
  EXECUTE IMMEDIATE 'UPDATE A2_Cinema SET Manager = ''65639526'' WHERE Cinema_Name = ''Flix''';
  EXECUTE IMMEDIATE 'UPDATE A2_Cinema SET Manager = ''99525981'' WHERE Cinema_Name = ''Masterton Multiplex''';
  EXECUTE IMMEDIATE 'UPDATE A2_Cinema SET Manager = ''09058443'' WHERE Cinema_Name = ''Grange Cinema''';

  DBMS_OUTPUT.PUT_LINE('');
  DBMS_OUTPUT.PUT_LINE('All tables populated.');

END;
/
SET SERVEROUTPUT OFF
